,Name,Team,Balls in Play,Average on Balls in Play,Ex Average on Balls in Play,Difference
0,Albert Pujols,Angels,428.0,0.29205607476635514,0.31906752120572257,-0.027011446439367426
1,Miguel Cabrera,Tigers,389.0,0.3676092544987147,0.3639712819317798,0.0036379725669348772
2,Shin-Soo Choo,Rangers,398.0,0.4020100502512563,0.37300818528222296,0.029001864969033342
3,Yadier Molina,Cardinals,366.0,0.319672131147541,0.33881804246184055,-0.019145911314299546
4,Robinson Cano,Mets,323.0,0.3157894736842105,0.3661300175588767,-0.05034054387466619
5,Edwin Encarnacion,- - -,316.0,0.33860759493670883,0.3413680035260049,-0.0027604085892960484
6,Adam Jones,Diamondbacks,385.0,0.34805194805194806,0.33460243716846066,0.013449510883487392
7,Curtis Granderson,Marlins,219.0,0.2922374429223744,0.32543840852406425,-0.033200965601689836
8,Howie Kendrick,Nationals,290.0,0.41724137931034483,0.40571378969401883,0.011527589616325995
9,Ian Kinsler,Padres,203.0,0.29064039408866993,0.29277860837174285,-0.0021382142830729256
10,Brian McCann,Braves,230.0,0.30434782608695654,0.3243144531625243,-0.019966627075567733
11,Neil Walker,Marlins,261.0,0.3448275862068966,0.347012646643851,-0.0021850604369544335
12,Kurt Suzuki,Nationals,247.0,0.3076923076923077,0.3528589572897564,-0.045166649597448705
13,Ian Desmond,Rockies,326.0,0.3558282208588957,0.37339040702722176,-0.017562186168326055
14,Nelson Cruz,Twins,324.0,0.44135802469135804,0.4331826601461206,0.008175364545237429
15,David Peralta,Diamondbacks,295.0,0.3728813559322034,0.3436246641735602,0.029256691758643205
16,Martin Prado,Marlins,207.0,0.2898550724637681,0.31904658072127506,-0.029191508257506937
17,Evan Longoria,Giants,343.0,0.35276967930029157,0.37312386076924947,-0.0203541814689579
18,Chris Davis,Orioles,171.0,0.3391812865497076,0.3810807193385793,-0.041899432788871704
19,Dexter Fowler,Cardinals,349.0,0.3467048710601719,0.3386361564670051,0.00806871459316677
20,Tyler Flowers,Braves,168.0,0.375,0.36276225243639243,0.01223774756360757
21,Hunter Pence,Rangers,217.0,0.4009216589861751,0.37705971432906105,0.023861944657114054
22,Asdrubal Cabrera,- - -,349.0,0.34097421203438394,0.32592475659162423,0.015049455442759707
23,Charlie Blackmon,Rockies,478.0,0.3912133891213389,0.3492568108127974,0.04195657830854149
24,Todd Frazier,Mets,340.0,0.3382352941176471,0.3413415806232175,-0.0031062865055704325
25,Martin Maldonado,- - -,250.0,0.304,0.31523370248638516,-0.011233702486385166
26,Robinson Chirinos,Astros,248.0,0.3870967741935484,0.3446483604545962,0.042448413738952195
27,Nick Markakis,Braves,360.0,0.35,0.372032560645035,-0.022032560645035004
28,Welington Castillo,White Sox,158.0,0.31645569620253167,0.3590886097289307,-0.04263291352639903
29,Lorenzo Cain,Brewers,459.0,0.3311546840958606,0.3546535748572034,-0.023498890761342817
30,Andrew McCutchen,Phillies,164.0,0.3475609756097561,0.34992805924238823,-0.002367083632632161
31,Justin Upton,Angels,145.0,0.33793103448275863,0.32863809147001577,0.00929294301274286
32,Cameron Maybin,Yankees,166.0,0.41566265060240964,0.36620451081113853,0.049458139791271116
33,Justin Turner,Dodgers,394.0,0.3680203045685279,0.3715305672459465,-0.0035102626774186074
34,Buster Posey,Giants,334.0,0.31137724550898205,0.3286665194263468,-0.017289273917364734
35,Jay Bruce,- - -,231.0,0.2987012987012987,0.3397435130875705,-0.041042214386271814
36,Joey Votto,Reds,405.0,0.3654320987654321,0.34453827054993025,0.020893828215501842
37,Brett Gardner,Yankees,385.0,0.32727272727272727,0.3110730522897234,0.016199674983003898
38,Ryan Braun,Brewers,357.0,0.3753501400560224,0.38109535690978175,-0.0057452168537593384
39,Alex Gordon,Royals,462.0,0.3333333333333333,0.33794370652818934,-0.004610373194856021
40,Elvis Andrus,Rangers,511.0,0.34442270058708413,0.3348973889590161,0.009525311628068023
41,Melky Cabrera,Pirates,338.0,0.34023668639053256,0.3252942324789553,0.01494245391157728
42,Pablo Sandoval,Giants,210.0,0.36666666666666664,0.3743024091154773,-0.007635742448810656
43,Wilson Ramos,Mets,407.0,0.3488943488943489,0.3452203633518977,0.003673985542451186
44,Carlos Santana,Indians,467.0,0.3533190578158458,0.34700250573048647,0.0063165520853593615
45,Gerardo Parra,- - -,218.0,0.3165137614678899,0.32310312860452767,-0.006589367136637769
46,Jordy Mercer,Tigers,198.0,0.37373737373737376,0.35408387535013747,0.01965349838723629
47,Brandon Belt,Giants,403.0,0.31017369727047145,0.33316591342200036,-0.02299221615152891
48,Yonder Alonso,- - -,224.0,0.2857142857142857,0.31868249437696583,-0.03296820866268013
49,Justin Smoak,Blue Jays,309.0,0.2912621359223301,0.342308574256226,-0.05104643833389594
50,Michael Brantley,Astros,512.0,0.353515625,0.3471895128225772,0.0063261121774227935
51,Jason Castro,Twins,151.0,0.3841059602649007,0.4131549236250923,-0.029048963360191637
52,Yuli Gurriel,Astros,504.0,0.34523809523809523,0.3372270246273225,0.00801107061077272
53,Ronny Rodriguez,Tigers,198.0,0.31313131313131315,0.33014911518141704,-0.017017802050103892
54,Miguel Rojas,Marlins,427.0,0.32786885245901637,0.32407198164346424,0.0037968708155521336
55,Eduardo Escobar,Diamondbacks,514.0,0.3404669260700389,0.32710912981741175,0.013357796252627174
56,Jose Martinez,Cardinals,253.0,0.3715415019762846,0.3669189575458667,0.00462254443041793
57,Juan Lagares,Mets,185.0,0.3081081081081081,0.29631759383643497,0.011790514271673158
58,Khris Davis,Athletics,337.0,0.3323442136498516,0.3581641208427685,-0.02581990719291688
59,Tommy Pham,Rays,442.0,0.37104072398190047,0.3619760411517426,0.009064682830157877
60,J.D. Martinez,Red Sox,440.0,0.40454545454545454,0.41783865315703694,-0.013293198611582402
61,Josh Reddick,Astros,445.0,0.32134831460674157,0.3126563567134817,0.008691957893259883
62,Jarrod Dyson,Diamondbacks,316.0,0.2974683544303797,0.2837033552846935,0.01376499914568624
63,Daniel Murphy,Rockies,368.0,0.3451086956521739,0.31693113629592995,0.028177559356243942
64,Paul Goldschmidt,Cardinals,434.0,0.37557603686635943,0.3808002924521461,-0.005224255585786652
65,Marwin Gonzalez,Twins,328.0,0.3445121951219512,0.35112574731922486,-0.006613552197273664
66,Jose Altuve,Astros,420.0,0.35714285714285715,0.33693289551360794,0.020209961629249207
67,Cesar Hernandez,Phillies,515.0,0.34563106796116505,0.3334410885554634,0.012189979405701656
68,Jean Segura,Phillies,506.0,0.32608695652173914,0.32786653181675346,-0.001779575295014324
69,Starlin Castro,Marlins,533.0,0.32833020637898686,0.34680846488801237,-0.018478258509025514
70,Starling Marte,Pirates,450.0,0.3622222222222222,0.37306555839566535,-0.01084333617344313
71,Travis d'Arnaud,- - -,272.0,0.33455882352941174,0.3476707758309224,-0.013111952301510632
72,Derek Dietrich,Reds,177.0,0.2824858757062147,0.3355160079752263,-0.0530301322690116
73,Josh Donaldson,Braves,393.0,0.3791348600508906,0.390457751317915,-0.011322891267024404
74,Freddie Freeman,Braves,470.0,0.38085106382978723,0.3863101986028465,-0.00545913477305926
75,Yasmani Grandal,Brewers,378.0,0.3412698412698413,0.3491486947126509,-0.007878853442809641
76,Jason Heyward,Cubs,406.0,0.33004926108374383,0.34454655437992104,-0.014497293296177216
77,DJ LeMahieu,Yankees,515.0,0.4,0.3912504552324922,0.008749544767507833
78,Jonathan Lucroy,- - -,245.0,0.27755102040816326,0.3217923567243177,-0.044241336316154456
79,Mitch Moreland,Red Sox,226.0,0.3495575221238938,0.36042822511034706,-0.010870702986453262
80,Mike Moustakas,Brewers,426.0,0.3333333333333333,0.3416664383738311,-0.008333105040497779
81,Anthony Rizzo,Cubs,426.0,0.34976525821596244,0.3709417740095992,-0.021176515793636774
82,Eric Sogard,- - -,339.0,0.35103244837758113,0.32648633242621866,0.02454611595136247
83,Eric Thames,Brewers,257.0,0.377431906614786,0.3538200965078021,0.023611810106983877
84,Stephen Vogt,Giants,192.0,0.359375,0.34673739787693875,0.012637602123061253
85,Freddy Galvis,- - -,414.0,0.3671497584541063,0.32709265516348324,0.040057103290623064
86,Logan Forsythe,Rangers,217.0,0.35023041474654376,0.36703734420122774,-0.016806929454683983
87,Wilmer Flores,Diamondbacks,234.0,0.36752136752136755,0.3444188577989216,0.02310250972244593
88,Avisail Garcia,Rays,365.0,0.3863013698630137,0.36685507013364815,0.019446299729365568
89,Marcell Ozuna,Cardinals,370.0,0.32432432432432434,0.3966931203790294,-0.07236879605470503
90,Jonathan Villar,Orioles,471.0,0.38004246284501064,0.3476344678331115,0.032407995011899116
91,Danny Santana,Rangers,327.0,0.41896024464831805,0.3951338762362213,0.023826368412096732
92,Jesus Aguilar,- - -,240.0,0.32083333333333336,0.34521673868324254,-0.024383405349909182
93,Tim Beckham,Mariners,200.0,0.375,0.35188926571767076,0.023110734282329237
94,Jon Berti,Marlins,184.0,0.4076086956521739,0.3561608984099023,0.05144779724227161
95,Brandon Crawford,Giants,387.0,0.31007751937984496,0.33756666929282625,-0.027489149912981292
96,C.J. Cron,Twins,351.0,0.33903133903133903,0.3703658804849634,-0.031334541453624354
97,Yan Gomes,Nationals,230.0,0.3173913043478261,0.33174946917478704,-0.01435816482696095
98,Robbie Grossman,Athletics,335.0,0.3164179104477612,0.32984399482431237,-0.013426084376551184
99,Aaron Hicks,Yankees,152.0,0.3618421052631579,0.3277290435444134,0.03411306171874451
100,John Hicks,Tigers,210.0,0.3333333333333333,0.33381467332353487,-0.00048133999020155693
101,Eric Hosmer,Padres,461.0,0.368763557483731,0.36805112398982176,0.0007124334939092591
102,Jason Kipnis,Indians,380.0,0.3105263157894737,0.31419447991326827,-0.0036681641237945595
103,James McCann,White Sox,303.0,0.41914191419141916,0.39660538046564586,0.0225365337257733
104,Austin Nola,Mariners,177.0,0.3615819209039548,0.35346665850438846,0.008115262399566336
105,Anthony Rendon,Nationals,468.0,0.3803418803418803,0.384307655214441,-0.003965774872560668
106,Marcus Semien,Athletics,554.0,0.3555956678700361,0.3392787706769732,0.016316897193062896
107,Travis Shaw,Brewers,140.0,0.25,0.28611122374278,-0.036111223742779974
108,George Springer,Astros,370.0,0.3918918918918919,0.3786021716712352,0.013289720220656664
109,Dee Gordon,Mariners,341.0,0.3255131964809384,0.296499968055489,0.0290132284254494
110,Christian Vazquez,Red Sox,387.0,0.35142118863049093,0.3408281921973637,0.010592996433127222
111,Kolten Wong,Cardinals,406.0,0.3522167487684729,0.3024668803541528,0.04974986841432011
112,Didi Gregorius,Yankees,272.0,0.29411764705882354,0.28242760165025216,0.011690045408571381
113,Leury Garcia,White Sox,452.0,0.37610619469026546,0.32567404217685075,0.05043215251341471
114,Randal Grichuk,Blue Jays,424.0,0.330188679245283,0.3363458931201741,-0.006157213874891099
115,Jake Marisnick,Astros,200.0,0.355,0.3177614902969458,0.0372385097030542
116,Mike Trout,Angels,350.0,0.39714285714285713,0.40252399118696197,-0.0053811340441048405
117,Albert Almora Jr.,Cubs,282.0,0.30851063829787234,0.33186520057306873,-0.02335456227519639
118,Rio Ruiz,Orioles,284.0,0.31690140845070425,0.3130308126742863,0.003870595776417962
119,Tony Wolters,Rockies,298.0,0.34563758389261745,0.31471169010283373,0.03092589378978372
120,Bryce Harper,Phillies,398.0,0.38190954773869346,0.40500201328069246,-0.023092465541999008
121,Roberto Perez,Indians,271.0,0.34686346863468637,0.3648179953414868,-0.017954526706800422
122,Leonys Martin,Indians,160.0,0.3,0.28753872333154856,0.012461276668451426
123,Jose Abreu,White Sox,489.0,0.38445807770961143,0.3989408404044476,-0.014482762694836171
124,Elias Diaz,Pirates,251.0,0.30677290836653387,0.3285696977730067,-0.02179678940647284
125,Omar Narvaez,Mariners,338.0,0.35502958579881655,0.3383655839673642,0.016664001831452335
126,Eugenio Suarez,Reds,391.0,0.4092071611253197,0.3896790471208158,0.019528114004503883
127,Domingo Santana,Mariners,288.0,0.4097222222222222,0.4181017915679745,-0.008379569345752291
128,Yolmer Sanchez,White Sox,389.0,0.34190231362467866,0.31276762585973034,0.02913468776494832
129,Jonathan Schoop,Twins,317.0,0.35331230283911674,0.36097308180241583,-0.007660778963299086
130,Matt Adams,Nationals,194.0,0.36082474226804123,0.37912364931260994,-0.018298907044568713
131,Nolan Arenado,Rockies,497.0,0.3843058350100604,0.3405618421320231,0.04374399287803726
132,Tucker Barnhart,Reds,233.0,0.31759656652360513,0.31849881625779825,-0.0009022497341931168
133,Brian Goodwin,Angels,287.0,0.3867595818815331,0.3362994511520741,0.050460130729458985
134,Billy Hamilton,- - -,234.0,0.3076923076923077,0.28417516576925966,0.023517141923048046
135,Mitch Haniger,Mariners,166.0,0.3433734939759036,0.34414251841698557,-0.0007690244410819558
136,Enrique Hernandez,Dodgers,320.0,0.3125,0.3300267294414812,-0.017526729441481204
137,Brock Holt,Red Sox,205.0,0.375609756097561,0.33832763255311366,0.03728212354444732
138,Max Muncy,Dodgers,340.0,0.37941176470588234,0.3698798921229627,0.009531872582919654
139,Wil Myers,Padres,266.0,0.40225563909774437,0.39187078795516417,0.010384851142580198
140,Tyler Naquin,Indians,211.0,0.3744075829383886,0.3611664547539288,0.013241128184459827
141,Josh Phegley,Athletics,256.0,0.31640625,0.32504583359266664,-0.008639583592666644
142,Stephen Piscotty,Athletics,275.0,0.3236363636363636,0.33491547579953246,-0.011279112163168847
143,A.J. Pollock,Dodgers,238.0,0.3487394957983193,0.35226841164105516,-0.003528915842735847
144,Kyle Seager,Mariners,309.0,0.3106796116504854,0.33687100303056455,-0.026191391380079143
145,Luke Voit,Yankees,288.0,0.4097222222222222,0.3894121279097963,0.02031009431242592
146,Christian Walker,Diamondbacks,375.0,0.37333333333333335,0.38014490120340094,-0.006811567870067592
147,Mike Zunino,Rays,168.0,0.27976190476190477,0.31611684138410795,-0.03635493662220318
148,Matt Carpenter,Cardinals,291.0,0.32646048109965636,0.33642790036692216,-0.009967419267265798
149,Corey Dickerson,- - -,206.0,0.3883495145631068,0.35967893298106896,0.028670581582037835
150,Brian Dozier,Nationals,312.0,0.3301282051282051,0.3479641677897254,-0.017835962661520266
151,Mike Yastrzemski,Giants,268.0,0.3917910447761194,0.3656112286543584,0.026179816121761013
152,Willson Contreras,Cubs,257.0,0.3735408560311284,0.35963619799008373,0.013904658041044682
153,Jose Iglesias,Reds,437.0,0.33867276887871856,0.3216723445621269,0.017000424316591656
154,Jose Osuna,Pirates,216.0,0.3287037037037037,0.34740783749900916,-0.018704133795305444
155,Kris Bryant,Cubs,400.0,0.395,0.35505153571216275,0.03994846428783727
156,Mark Canha,Athletics,305.0,0.3901639344262295,0.34847726665782564,0.04168666776840385
157,Nicholas Castellanos,- - -,474.0,0.3987341772151899,0.3805187356638635,0.018215441551326372
158,Delino DeShields,Rangers,267.0,0.35580524344569286,0.30393049905535824,0.051874744390334626
159,Brandon Drury,Blue Jays,306.0,0.30718954248366015,0.34214189484584934,-0.03495235236218919
160,Ben Gamel,Brewers,208.0,0.3894230769230769,0.37855607263557195,0.010867004287504978
161,Niko Goodrum,Tigers,287.0,0.37630662020905925,0.36270702569683183,0.01359959451222742
162,JaCoby Jones,Tigers,205.0,0.36097560975609755,0.35671649678699524,0.004259112969102308
163,Aaron Judge,Yankees,237.0,0.459915611814346,0.45882309962660334,0.0010925121877426447
164,Manny Machado,Padres,460.0,0.33695652173913043,0.35051727848570363,-0.0135607567465732
165,Colin Moran,Pirates,353.0,0.37393767705382436,0.3698737163209364,0.00406396073288795
166,Joc Pederson,Dodgers,340.0,0.3411764705882353,0.352700015985793,-0.011523545397557677
167,J.T. Realmuto,Phillies,423.0,0.3664302600472813,0.37268276338418194,-0.006252503336900639
168,Hunter Renfroe,Padres,291.0,0.32989690721649484,0.3441662484623361,-0.014269341245841283
169,Eddie Rosario,Twins,481.0,0.3284823284823285,0.3227937824059032,0.005688546076425327
170,Andrelton Simmons,Angels,361.0,0.296398891966759,0.29111703779267906,0.005281854174079947
171,Christian Yelich,Brewers,370.0,0.44324324324324327,0.4094598362563677,0.03378340698687554
172,Whit Merrifield,Royals,558.0,0.3870967741935484,0.35370724150739147,0.03338953268615691
173,Xander Bogaerts,Red Sox,497.0,0.4024144869215292,0.3657117947478842,0.036702692173645024
174,Hanser Alberto,Orioles,480.0,0.36041666666666666,0.32883021823664854,0.03158644843001812
175,Jorge Polanco,Twins,522.0,0.37547892720306514,0.34253750022494744,0.032941426978117694
176,Miguel Sano,Twins,219.0,0.4520547945205479,0.4148791146095437,0.037175679911004234
177,Kole Calhoun,Angels,391.0,0.340153452685422,0.3541369336622218,-0.0139834809767998
178,Adam Eaton,Nationals,472.0,0.3389830508474576,0.332496345425747,0.006486705421710592
179,Greg Garcia,Padres,231.0,0.3463203463203463,0.3247277774127172,0.021592568907629117
180,Kevin Kiermaier,Rays,345.0,0.3072463768115942,0.31372175713814093,-0.006475380326546709
181,Jorge Alfaro,Marlins,278.0,0.4244604316546763,0.3840914609676995,0.04036897068697676
182,Jurickson Profar,Athletics,387.0,0.26356589147286824,0.2993660889729144,-0.03580019750004615
183,Javier Baez,Cubs,376.0,0.40691489361702127,0.3860884168639658,0.02082647675305549
184,Austin Hedges,Padres,205.0,0.2731707317073171,0.31081674682555527,-0.037646015118238174
185,Francisco Lindor,Indians,504.0,0.34325396825396826,0.33331303231329723,0.009940935940671025
186,Rougned Odor,Rangers,345.0,0.33043478260869563,0.34684867144856013,-0.0164138888398645
187,Trevor Story,Rockies,415.0,0.42891566265060244,0.3876355058554609,0.04128015679514152
188,Daniel Vogelbach,Mariners,313.0,0.31309904153354634,0.3516141194461408,-0.03851507791259445
189,Gary Sanchez,Yankees,271.0,0.35424354243542433,0.3770643017971227,-0.02282075936169836
190,Cheslor Cuthbert,Royals,242.0,0.32231404958677684,0.33676315800889634,-0.014449108422119494
191,Max Kepler,Twins,429.0,0.32167832167832167,0.32640567949331134,-0.0047273578149896744
192,Maikel Franco,Phillies,329.0,0.2917933130699088,0.3242101889302385,-0.03241687586032971
193,Ji-Man Choi,Rays,309.0,0.35275080906148865,0.374047246713238,-0.021296437651749378
194,Jackie Bradley Jr.,Red Sox,343.0,0.34110787172011664,0.3549983936332814,-0.013890521913164755
195,Tommy La Stella,Angels,264.0,0.3333333333333333,0.3274228268779931,0.005910506455340192
196,Pedro Severino,Orioles,235.0,0.3404255319148936,0.36556483139612983,-0.02513929948123622
197,Renato Nunez,Orioles,399.0,0.3358395989974937,0.3540010577602852,-0.01816145876279146
198,Jeimer Candelario,Tigers,235.0,0.2936170212765957,0.3192824585938788,-0.025665437317283102
199,Nick Ahmed,Diamondbacks,455.0,0.3362637362637363,0.33061333008041555,0.005650406183320744
200,Brian Anderson,Marlins,346.0,0.36416184971098264,0.37283678835608697,-0.008674938645104324
201,Josh Bell,Pirates,414.0,0.357487922705314,0.3728873214753726,-0.015399398770058637
202,Mookie Betts,Red Sox,504.0,0.35912698412698413,0.3818635131117547,-0.022736528984770576
203,Victor Caratini,Cubs,188.0,0.35638297872340424,0.3574694153969522,-0.0010864366735479636
204,J.D. Davis,Mets,313.0,0.41533546325878595,0.41532851803386184,6.945224924115312e-06
205,Joe Panik,- - -,396.0,0.2777777777777778,0.28876689689475676,-0.010989119116978974
206,Mallex Smith,Mariners,371.0,0.33153638814016173,0.299315495779904,0.032220892360257714
207,Harold Castro,Tigers,274.0,0.3795620437956204,0.3469323299598999,0.0326297138357205
208,Orlando Arcia,Brewers,393.0,0.2951653944020356,0.31027595316882545,-0.01511055876678985
209,Raimel Tapia,Rockies,326.0,0.37116564417177916,0.3387540041939623,0.032411639977816875
210,Teoscar Hernandez,Blue Jays,264.0,0.375,0.3519713529558876,0.023028647044112394
211,Jose Peraza,Reds,318.0,0.2861635220125786,0.3200291775076042,-0.03386565549502557
212,Ketel Marte,Diamondbacks,485.0,0.3917525773195876,0.3607536435349706,0.030998933784617044
213,Brandon Nimmo,Mets,132.0,0.3409090909090909,0.3470451962160027,-0.006136105306911832
214,Trea Turner,Nationals,409.0,0.3863080684596577,0.3740278430036037,0.012280225456054006
215,Matt Beaty,Dodgers,216.0,0.3148148148148148,0.3230165433365538,-0.008201728521738949
216,Kevin Pillar,- - -,527.0,0.31499051233396586,0.32331416567689125,-0.008323653342925397
217,Jose Ramirez,Indians,412.0,0.3106796116504854,0.3296322524496177,-0.01895264079913228
218,Alex Bregman,Astros,478.0,0.3472803347280335,0.3396048641681668,0.007675470559866671
219,Joey Gallo,Rangers,126.0,0.4603174603174603,0.43224171240464454,0.02807574791281575
220,Carson Kelly,Diamondbacks,236.0,0.3474576271186441,0.3504680430164134,-0.003010415897769292
221,Corey Seager,Dodgers,395.0,0.34430379746835443,0.33491050659768,0.00939329087067442
222,Jesse Winker,Reds,278.0,0.34172661870503596,0.3582173901573771,-0.016490771452341124
223,Dawel Lugo,Tigers,218.0,0.3256880733944954,0.3472178370789979,-0.02152976368450249
224,Nomar Mazara,Rangers,326.0,0.36809815950920244,0.3645680614538444,0.003530098055358033
225,Tom Murphy,Mariners,173.0,0.4046242774566474,0.3547928587272659,0.049831418729381516
226,Ronald Guzman,Rangers,172.0,0.3313953488372093,0.36162346381005894,-0.030228114972849662
227,Adalberto Mondesi,Royals,292.0,0.386986301369863,0.33711121739346805,0.04987508397639495
228,Franmil Reyes,- - -,343.0,0.36151603498542273,0.39613110843536475,-0.034615073449942024
229,Dansby Swanson,Braves,363.0,0.3443526170798898,0.3806983748053727,-0.03634575772548293
230,Kevin Newman,Pirates,433.0,0.3741339491916859,0.32293662621319785,0.05119732297848806
231,Chris Taylor,Dodgers,258.0,0.38372093023255816,0.342242007650645,0.04147892258191316
232,Carlos Correa,Astros,208.0,0.38461538461538464,0.41074015683565,-0.02612477222026538
233,David Dahl,Rockies,270.0,0.42592592592592593,0.3752383053783087,0.05068762054761722
234,Byron Buxton,Twins,206.0,0.3592233009708738,0.345882715072045,0.013340585898828805
235,Steven Duggar,Giants,186.0,0.3548387096774194,0.3395168770410585,0.015321832636360888
236,Christin Stewart,Tigers,270.0,0.32592592592592595,0.345704495475947,-0.019778569550021052
237,Joey Wendle,Rays,194.0,0.29896907216494845,0.31744542185669006,-0.01847634969174161
238,Matt Olson,Athletics,343.0,0.3877551020408163,0.3974481970362641,-0.009693094995447793
239,Manuel Margot,Padres,313.0,0.3194888178913738,0.30666192683641225,0.012826891054961542
240,Victor Reyes,Tigers,214.0,0.40654205607476634,0.34591550386814574,0.06062655220662061
241,David Bote,Cubs,212.0,0.39622641509433965,0.391643833358684,0.004582581735655622
242,Harold Ramirez,Marlins,331.0,0.3776435045317221,0.3493791047476538,0.02826439978406825
243,Anthony Santander,Orioles,295.0,0.3423728813559322,0.33101008730116127,0.01136279405477092
244,Cavan Biggio,Blue Jays,232.0,0.36637931034482757,0.35303353891349654,0.013345771431331033
245,Michael Conforto,Mets,402.0,0.35572139303482586,0.36120971458708023,-0.005488321552254372
246,Adam Frazier,Pirates,483.0,0.3333333333333333,0.3222099136083079,0.011123419725025396
247,Yasiel Puig,- - -,425.0,0.36705882352941177,0.3564846042724747,0.010574219256937079
248,Jorge Soler,Royals,411.0,0.39172749391727496,0.4038107796282338,-0.012083285710958847
249,Phillip Ervin,Reds,175.0,0.37142857142857144,0.33612206838753184,0.035306503041039605
250,Austin Meadows,Rays,397.0,0.3853904282115869,0.3695808645482596,0.01580956366332731
251,Oscar Mercado,Indians,365.0,0.33424657534246577,0.32295826346398165,0.011288311878484114
252,Chad Pinder,Athletics,257.0,0.33852140077821014,0.37255684750384954,-0.03403544672563941
253,Tim Anderson,White Sox,389.0,0.442159383033419,0.3726926136139739,0.06946676941944513
254,Jake Bauers,Indians,260.0,0.33076923076923076,0.32049040900534875,0.010278821763882007
255,Cody Bellinger,Dodgers,451.0,0.3835920177383592,0.38324245653134326,0.00034956120701595816
256,Willie Calhoun,Rangers,257.0,0.33073929961089493,0.3398123267374844,-0.009073027126589472
257,J.P. Crawford,Mariners,268.0,0.30597014925373134,0.3138626111480069,-0.00789246189427556
258,Brandon Dixon,Tigers,259.0,0.38996138996138996,0.3614953670097527,0.02846602295163725
259,Hunter Dozier,Royals,378.0,0.3888888888888889,0.3720010217495172,0.01688786713937168
260,Mitch Garver,Twins,226.0,0.3893805309734513,0.3794958150825,0.009884715890951301
261,Garrett Hampson,Rockies,215.0,0.3627906976744186,0.3104299162145863,0.052360781459832306
262,Tim Locastro,Diamondbacks,170.0,0.32941176470588235,0.2851748487763907,0.04423691592949164
263,Trey Mancini,Orioles,464.0,0.39439655172413796,0.3829530068004171,0.01144354492372085
264,Billy McKinney,Blue Jays,181.0,0.3259668508287293,0.3280928900494946,-0.002126039220765319
265,Ryan McMahon,Rockies,321.0,0.38006230529595014,0.37786357013675814,0.002198735159192
266,Rowdy Tellez,Blue Jays,257.0,0.33073929961089493,0.37914023474496206,-0.048400935134067125
267,Josh VanMeter,Reds,173.0,0.3179190751445087,0.316734524593638,0.0011845505508706888
268,Amed Rosario,Mets,494.0,0.3724696356275304,0.34934243977923035,0.02312719584830003
269,Willy Adames,Rays,382.0,0.36910994764397903,0.3513564031554835,0.017753544488495532
270,Andrew Benintendi,Red Sox,409.0,0.36185819070904646,0.3632083227439199,-0.0013501320348734414
271,Garrett Cooper,Marlins,272.0,0.40808823529411764,0.3976006780182053,0.01048755727591233
272,Danny Jansen,Blue Jays,269.0,0.275092936802974,0.32861868617478907,-0.05352574937181509
273,Tony Kemp,- - -,203.0,0.26108374384236455,0.2584408323780061,0.002642911464358466
274,Jeff McNeil,Mets,435.0,0.3816091954022989,0.3510795980334715,0.030529597368827377
275,Mike Tauchman,Yankees,190.0,0.3894736842105263,0.3594793587986294,0.029994325411896894
276,Tyler White,- - -,164.0,0.31097560975609756,0.32225880564807785,-0.011283195891980291
277,Ozzie Albies,Braves,530.0,0.37169811320754714,0.3515018935918341,0.02019621961571305
278,Victor Robles,Nationals,417.0,0.35731414868105515,0.32267144175193824,0.03464270692911692
279,Rafael Devers,Red Sox,529.0,0.3950850661625709,0.3738358939979329,0.02124917216463801
280,Josh Naylor,Padres,190.0,0.34210526315789475,0.33809938633647885,0.004005876821415899
281,Luis Arraez,Twins,300.0,0.36333333333333334,0.3315125640931996,0.03182076924013372
282,Eloy Jimenez,White Sox,333.0,0.3783783783783784,0.38404016532156177,-0.005661786943183367
283,Gleyber Torres,Yankees,424.0,0.36556603773584906,0.34854246437671443,0.017023573359134625
284,Yandy Diaz,Rays,249.0,0.3373493975903614,0.36710183528800944,-0.029752437697648015
285,Luis Rengifo,Angels,268.0,0.34701492537313433,0.3244542167469775,0.022560708626156833
286,Greg Allen,Indians,183.0,0.32786885245901637,0.3046484201130876,0.023220432345928743
287,Matt Chapman,Athletics,439.0,0.35079726651480636,0.3613761117344918,-0.01057884521968544
288,Michael Chavis,Red Sox,218.0,0.40825688073394495,0.36592350790829303,0.042333372825651916
289,Rhys Hoskins,Phillies,401.0,0.32917705735660846,0.34028614287597414,-0.01110908551936568
290,Jordan Luplow,Indians,165.0,0.38181818181818183,0.3662479358997823,0.015570245918399561
291,Ryan O'Hearn,Royals,231.0,0.27705627705627706,0.3231270311365603,-0.04607075408028327
292,Kyle Schwarber,Cubs,378.0,0.35978835978835977,0.39626195276614273,-0.036473592977782965
293,Alex Verdugo,Dodgers,300.0,0.33666666666666667,0.34363492782153565,-0.006968261154868982
294,Paul DeJong,Cardinals,436.0,0.31880733944954126,0.3185936102117154,0.00021372923782586595
295,Ramon Laureano,Athletics,318.0,0.39937106918238996,0.3751348470222565,0.024236222160133436
296,Yoan Moncada,White Sox,360.0,0.4583333333333333,0.42758190117582484,0.030751432157508474
297,Shohei Ohtani,Angels,278.0,0.420863309352518,0.41379442530059113,0.007068884051926849
298,Ronald Acuna Jr.,Braves,435.0,0.41839080459770117,0.40889395934996126,0.009496845247739916
299,Austin Riley,Braves,167.0,0.3772455089820359,0.3794751226276229,-0.002229613645586992
300,Brandon Lowe,Rays,183.0,0.44808743169398907,0.38809794768682754,0.05998948400716153
301,Harrison Bader,Cardinals,232.0,0.34051724137931033,0.3281947903796515,0.01232245099965884
302,David Fletcher,Angels,533.0,0.3339587242026266,0.32897040046865017,0.004988323733976452
303,Scott Kingery,Phillies,313.0,0.3865814696485623,0.36637405618435076,0.020207413464211565
304,Dylan Moore,Mariners,155.0,0.32903225806451614,0.31663894070060933,0.012393317363906808
305,Fernando Tatis Jr.,Padres,226.0,0.48672566371681414,0.3884629762027054,0.09826268751410872
306,Vladimir Guerrero Jr.,Blue Jays,374.0,0.34759358288770054,0.35034588792217347,-0.002752305034472935
307,Juan Soto,Nationals,412.0,0.3762135922330097,0.3935622579733816,-0.017348665740371916
308,Lourdes Gurriel Jr.,Blue Jays,232.0,0.38362068965517243,0.3449417019535469,0.03867898770162553
309,Bryan Reynolds,Pirates,373.0,0.43699731903485256,0.38982276530169174,0.04717455373316082
310,Nick Senzel,Reds,275.0,0.3709090909090909,0.3306492488569881,0.04025984205210281
311,Tommy Edman,Cardinals,265.0,0.39622641509433965,0.3596777179111205,0.036548697183219125
312,Keston Hiura,Brewers,208.0,0.4567307692307692,0.41655119038087834,0.040179578849890873
313,Nicky Lopez,Royals,332.0,0.286144578313253,0.2666755969395889,0.019468981373664096
314,Yordan Alvarez,Astros,219.0,0.4474885844748858,0.42562272738588064,0.02186585708900518
