player_id,player_name,ba,babip,woba,xwoba,abs,launch_speed,launch_angle
656555,Rhys Hoskins,0.226,0.267,0.351,0.342,570,85.8,24.3
660670,Ronald Acuna Jr.,0.28,0.337,0.373,0.387,626,83.9,16.8
543760,Marcus Semien,0.285,0.294,0.377,0.362,657,84.6,18.3
608324,Alex Bregman,0.296,0.281,0.423,0.378,554,85.1,21.1
605141,Mookie Betts,0.295,0.309,0.384,0.408,597,86.6,21.9
502671,Paul Goldschmidt,0.26,0.303,0.35,0.361,597,85,18.7
593428,Xander Bogaerts,0.309,0.338,0.394,0.358,614,86.1,15.3
542340,Jonathan Villar,0.274,0.341,0.339,0.313,642,82.8,13.6
656305,Matt Chapman,0.249,0.27,0.359,0.36,583,86.2,21.2
467793,Carlos Santana,0.281,0.293,0.384,0.367,573,86.8,14.2
665742,Juan Soto,0.282,0.312,0.398,0.407,542,86.4,15.1
547180,Bryce Harper,0.26,0.313,0.37,0.387,573,85.4,17.2
593160,Whit Merrifield,0.302,0.35,0.344,0.325,681,82.7,18.8
593871,Jorge Polanco,0.295,0.328,0.356,0.344,631,83.5,19.6
624413,Pete Alonso,0.26,0.28,0.389,0.374,597,85.3,19
518692,Freddie Freeman,0.295,0.318,0.392,0.394,597,84.4,15.4
624585,Jorge Soler,0.265,0.294,0.384,0.392,589,86.8,18.4
518626,Josh Donaldson,0.259,0.292,0.382,0.387,549,87,16.9
547989,Jose Abreu,0.284,0.32,0.349,0.359,634,86.4,14.9
518735,Yasmani Grandal,0.246,0.279,0.365,0.363,513,84.7,18.4
553993,Eugenio Suarez,0.271,0.312,0.386,0.355,575,83.5,18.2
641820,Trey Mancini,0.291,0.326,0.377,0.365,602,84.9,12.7
425783,Shin-Soo Choo,0.265,0.333,0.357,0.356,563,85.4,13.7
500871,Eduardo Escobar,0.269,0.283,0.346,0.327,636,83.7,21.4
641355,Cody Bellinger,0.304,0.301,0.42,0.429,559,85.6,20.7
596115,Trevor Story,0.294,0.361,0.385,0.339,588,84.6,20.3
594809,Adam Eaton,0.279,0.319,0.345,0.34,566,82.3,16.8
646240,Rafael Devers,0.311,0.339,0.382,0.36,647,86.7,17.4
664058,David Fletcher,0.29,0.317,0.32,0.323,596,80.7,12.8
543685,Anthony Rendon,0.319,0.323,0.418,0.418,545,85.3,20.8
502054,Tommy Pham,0.273,0.316,0.352,0.357,567,85.7,9
514917,Cesar Hernandez,0.279,0.313,0.318,0.303,612,81.5,11.3
624424,Michael Conforto,0.257,0.29,0.363,0.367,549,84,18
571970,Max Muncy,0.251,0.283,0.377,0.385,487,84.1,18.5
657557,Paul DeJong,0.233,0.259,0.326,0.325,583,83.2,21.3
543333,Eric Hosmer,0.265,0.323,0.313,0.308,619,86.1,7.8
656941,Kyle Schwarber,0.25,0.276,0.362,0.375,529,87.2,18.1
596129,Daniel Vogelbach,0.208,0.232,0.337,0.346,462,84.1,20.4
462101,Elvis Andrus,0.275,0.305,0.303,0.307,600,84.7,12.7
474832,Brandon Belt,0.234,0.275,0.322,0.346,526,81.6,22.2
545361,Mike Trout,0.291,0.298,0.442,0.455,470,84.3,23.5
456715,Lorenzo Cain,0.26,0.301,0.305,0.33,562,83.5,10.3
640457,Austin Meadows,0.291,0.331,0.385,0.372,530,84.7,20.5
645277,Ozzie Albies,0.295,0.325,0.358,0.351,640,84,17
592178,Kris Bryant,0.282,0.331,0.384,0.347,543,83,21.2
516770,Starlin Castro,0.27,0.293,0.31,0.31,636,83.8,14.1
519203,Anthony Rizzo,0.293,0.306,0.394,0.39,512,84.3,16.1
600524,Renato Nunez,0.244,0.272,0.327,0.331,541,84.2,21.9
518934,DJ LeMahieu,0.327,0.349,0.379,0.379,602,86.9,12.4
502110,J.D. Martinez,0.304,0.342,0.391,0.4,575,86.4,15.3
458015,Joey Votto,0.261,0.313,0.335,0.343,525,83.7,18.1
605137,Josh Bell,0.277,0.288,0.383,0.381,527,86.4,16.2
592206,Nicholas Castellanos,0.289,0.337,0.362,0.364,615,84,16.5
643217,Andrew Benintendi,0.266,0.333,0.333,0.34,541,82.8,22
596019,Francisco Lindor,0.284,0.291,0.354,0.33,598,86,16.4
592518,Manny Machado,0.256,0.274,0.339,0.342,587,85.9,17.2
451594,Dexter Fowler,0.238,0.294,0.329,0.338,487,80.7,15.4
545341,Randal Grichuk,0.232,0.266,0.311,0.3,586,83.7,18.6
572233,Christian Walker,0.259,0.312,0.349,0.362,529,84.1,16.9
642708,Amed Rosario,0.287,0.338,0.322,0.32,616,84.1,12.5
606466,Ketel Marte,0.329,0.342,0.41,0.37,569,85.4,14.4
650402,Gleyber Torres,0.278,0.296,0.363,0.341,546,83.6,19.4
571448,Nolan Arenado,0.315,0.312,0.397,0.344,588,85.1,21.4
594777,Kole Calhoun,0.232,0.265,0.334,0.34,552,84.4,16
458731,Brett Gardner,0.251,0.265,0.349,0.301,491,83.6,18.3
453568,Charlie Blackmon,0.314,0.334,0.392,0.362,580,84,17
605113,Nick Ahmed,0.254,0.28,0.318,0.318,556,83.1,9.4
460086,Alex Gordon,0.266,0.301,0.322,0.332,556,84,12.2
596059,Rougned Odor,0.205,0.244,0.306,0.322,522,84.6,23.7
642715,Willy Adames,0.254,0.32,0.316,0.315,531,83.6,13.6
592663,J.T. Realmuto,0.275,0.309,0.344,0.342,538,85.1,19
488726,Michael Brantley,0.311,0.32,0.371,0.362,575,85,13
624428,Adam Frazier,0.278,0.306,0.323,0.315,554,82.3,16
543807,George Springer,0.292,0.305,0.406,0.398,479,84.8,15.2
520471,Freddy Galvis,0.26,0.312,0.311,0.279,557,83.1,18.6
621566,Matt Olson,0.267,0.3,0.373,0.386,483,86,22
645302,Victor Robles,0.255,0.31,0.32,0.292,546,78.2,17.9
592885,Christian Yelich,0.329,0.355,0.448,0.42,489,86.9,14.4
542303,Marcell Ozuna,0.241,0.257,0.34,0.382,485,87.2,15.7
641531,Hunter Dozier,0.279,0.339,0.364,0.337,523,85.9,20
641857,Ryan McMahon,0.25,0.323,0.333,0.322,480,84.8,12.7
624577,Yasiel Puig,0.267,0.308,0.334,0.334,555,83.9,19.2
570560,Yolmer Sanchez,0.252,0.324,0.283,0.276,496,81.6,17.8
605480,Mallex Smith,0.227,0.302,0.28,0.265,510,79.9,13
607208,Trea Turner,0.298,0.348,0.36,0.336,521,85.1,14.7
519058,Mike Moustakas,0.254,0.25,0.353,0.349,523,84.2,21.3
516416,Jean Segura,0.28,0.302,0.318,0.314,576,83.4,12
518792,Jason Heyward,0.251,0.281,0.331,0.333,513,84.5,15.9
621020,Dansby Swanson,0.251,0.3,0.32,0.347,483,84.8,16.6
660162,Yoan Moncada,0.315,0.406,0.384,0.362,511,86,15.4
598265,Jackie Bradley Jr.,0.225,0.281,0.317,0.327,494,84.6,15.1
543063,Brandon Crawford,0.228,0.274,0.283,0.306,500,82.6,15.2
608070,Jose Ramirez,0.255,0.256,0.339,0.342,482,86,21.6
668804,Bryan Reynolds,0.314,0.387,0.375,0.357,491,85.2,15
572761,Matt Carpenter,0.226,0.285,0.318,0.331,416,83.6,20
544725,Leury Garcia,0.279,0.353,0.297,0.274,577,82.5,10.7
596146,Max Kepler,0.252,0.244,0.36,0.342,524,85,21.1
429665,Edwin Encarnacion,0.244,0.239,0.367,0.36,418,85.3,20.6
457759,Justin Turner,0.29,0.304,0.374,0.378,479,84.9,20.7
516782,Starling Marte,0.295,0.319,0.357,0.361,539,82.9,9.4
570267,Domingo Santana,0.253,0.347,0.33,0.347,451,84,12.8
607680,Kevin Pillar,0.259,0.27,0.301,0.295,611,82.1,17
614177,Franmil Reyes,0.249,0.279,0.343,0.36,494,86.6,13.3
443558,Nelson Cruz,0.311,0.351,0.423,0.418,454,87.8,15.8
592192,Mark Canha,0.273,0.308,0.39,0.362,410,83.6,19.1
606115,Orlando Arcia,0.223,0.253,0.272,0.284,494,83.4,12.6
452678,Asdrubal Cabrera,0.26,0.294,0.335,0.318,447,83.8,18.8
493329,Yuli Gurriel,0.298,0.289,0.369,0.322,564,85,17.5
405395,Albert Pujols,0.244,0.238,0.312,0.319,491,84.7,15.3
592696,Eddie Rosario,0.276,0.273,0.333,0.33,562,84.8,20.9
643446,Jeff McNeil,0.318,0.337,0.389,0.355,510,82.8,15.9
501981,Khris Davis,0.22,0.264,0.292,0.318,481,84.4,17.4
595777,Jurickson Profar,0.218,0.218,0.305,0.323,459,82.9,17.1
592626,Joc Pederson,0.249,0.249,0.367,0.347,450,86.5,21.8
572821,Brian Dozier,0.238,0.271,0.333,0.331,416,84.8,21.7
475253,Justin Smoak,0.208,0.223,0.327,0.366,414,85.5,18.1
571976,Wil Myers,0.239,0.344,0.32,0.322,435,83.9,14.2
408234,Miguel Cabrera,0.282,0.336,0.321,0.332,493,84.8,16.4
592669,Hunter Renfroe,0.216,0.239,0.324,0.311,440,84.8,21.7
596847,Ji-Man Choi,0.261,0.303,0.351,0.366,410,85.3,16.8
446334,Evan Longoria,0.254,0.291,0.326,0.352,453,85.4,18.9
572228,Luke Voit,0.263,0.345,0.364,0.365,429,84,16.2
543877,Christian Vazquez,0.276,0.305,0.336,0.316,482,84.3,18.5
543939,Kolten Wong,0.285,0.321,0.337,0.308,478,80.5,15.9
595879,Javier Baez,0.281,0.345,0.352,0.334,531,86.1,13.3
514888,Jose Altuve,0.298,0.303,0.379,0.35,500,82.7,11.5
502210,Josh Reddick,0.275,0.288,0.311,0.313,501,81.3,19.9
453943,Todd Frazier,0.251,0.284,0.332,0.315,447,84.1,19.2
665489,Vladimir Guerrero Jr.,0.272,0.308,0.333,0.33,464,84.4,9.6
543401,Jason Kipnis,0.245,0.265,0.305,0.316,458,82.3,17.2
553882,Omar Narvaez,0.278,0.306,0.349,0.324,428,81,20.5
571718,Brian Goodwin,0.262,0.337,0.336,0.307,413,82.1,20.5
664068,Scott Kingery,0.258,0.337,0.333,0.314,458,83,20.7
543510,James McCann,0.273,0.359,0.336,0.321,439,83.3,14.9
592348,Niko Goodrum,0.248,0.338,0.319,0.304,423,83.8,18.1
657656,Ramon Laureano,0.288,0.342,0.361,0.342,434,84,16.7
542454,Danny Santana,0.283,0.353,0.357,0.338,474,84.5,18.7
578428,Jose Iglesias,0.288,0.315,0.309,0.289,504,80.5,12.3
543068,C.J. Cron,0.253,0.277,0.329,0.366,458,84.9,17.6
605119,Brian Anderson,0.261,0.305,0.346,0.343,459,84.4,11.6
606192,Teoscar Hernandez,0.23,0.293,0.329,0.311,417,84.1,18.2
430945,Adam Jones,0.26,0.296,0.312,0.314,485,81.8,15.6
547379,Roberto Perez,0.239,0.285,0.33,0.323,389,83.8,8.7
592450,Aaron Judge,0.272,0.36,0.387,0.401,378,88.6,14.6
608577,Nomar Mazara,0.268,0.312,0.331,0.337,429,83.9,15.3
593934,Miguel Sano,0.247,0.319,0.384,0.363,380,88.5,17
608369,Corey Seager,0.272,0.303,0.344,0.332,489,84.7,16.5
543257,Robbie Grossman,0.24,0.288,0.301,0.324,420,83.2,15.3
541645,Avisail Garcia,0.282,0.34,0.338,0.342,489,83.6,12.7
621028,Kevin Newman,0.308,0.333,0.343,0.312,493,80.6,15.1
519346,Eric Thames,0.247,0.313,0.358,0.325,396,85,23
596142,Gary Sanchez,0.232,0.244,0.351,0.363,396,86.2,21.3
605412,Joe Panik,0.244,0.262,0.286,0.304,438,82.1,16.2
460075,Ryan Braun,0.285,0.325,0.358,0.342,459,86.1,9.9
455976,Nick Markakis,0.285,0.31,0.335,0.349,414,86.3,11.9
624415,Cavan Biggio,0.234,0.309,0.346,0.345,354,83.4,22.1
500743,Miguel Rojas,0.284,0.314,0.308,0.303,483,83.2,11.5
650391,Eloy Jimenez,0.267,0.308,0.348,0.349,468,86.3,14.3
571771,Enrique Hernandez,0.237,0.266,0.305,0.308,414,84.6,21.4
435622,Ian Desmond,0.255,0.304,0.332,0.335,443,85.8,13.9
572122,Kyle Seager,0.239,0.248,0.336,0.349,393,84,21.4
502517,Daniel Murphy,0.279,0.307,0.331,0.29,438,82.7,19.4
592567,Colin Moran,0.277,0.341,0.318,0.316,466,83.6,15.2
605204,J.D. Davis,0.307,0.355,0.378,0.383,410,86.2,13.8
570482,Gio Urshela,0.314,0.349,0.374,0.353,442,84.9,16.6
595281,Kevin Kiermaier,0.228,0.267,0.287,0.292,447,82.5,13.1
592273,Brandon Drury,0.218,0.259,0.274,0.305,418,82.5,15.8
503556,Marwin Gonzalez,0.264,0.31,0.317,0.32,425,85.5,12.4
457763,Buster Posey,0.257,0.296,0.3,0.315,405,84.1,14.1
641313,Tim Anderson,0.335,0.399,0.367,0.328,498,84,11.8
593643,Hanser Alberto,0.305,0.318,0.322,0.303,524,79.6,13.7
641343,Jake Bauers,0.226,0.29,0.299,0.29,372,82.6,18.4
519299,Eric Sogard,0.29,0.316,0.346,0.307,396,81.9,21
622534,Manuel Margot,0.234,0.272,0.299,0.279,398,81.4,18.8
640458,Oscar Mercado,0.269,0.3,0.324,0.308,438,83.2,16.1
664056,Harrison Bader,0.205,0.268,0.296,0.316,347,81.5,17.5
455139,Robinson Chirinos,0.238,0.306,0.34,0.316,366,81.7,18.9
621035,Chris Taylor,0.262,0.344,0.335,0.301,366,81.4,16.9
595751,Jorge Alfaro,0.262,0.364,0.316,0.319,431,84.6,9.5
467092,Wilson Ramos,0.288,0.31,0.33,0.311,473,85.4,7.1
641487,J.P. Crawford,0.226,0.275,0.299,0.294,345,80.6,14.6
643265,Garrett Cooper,0.282,0.358,0.34,0.34,380,83.3,8.3
502481,Jarrod Dyson,0.23,0.275,0.283,0.273,400,79.2,14
660271,Shohei Ohtani,0.286,0.354,0.357,0.349,384,86.4,12.5
570731,Jonathan Schoop,0.256,0.298,0.329,0.312,433,82.4,15.7
623912,Harold Ramirez,0.276,0.328,0.312,0.309,421,84,9.3
592261,Delino DeShields,0.249,0.333,0.297,0.28,357,78.7,17.6
650859,Luis Rengifo,0.238,0.3,0.301,0.303,357,82,13.2
523253,Logan Forsythe,0.227,0.307,0.301,0.323,317,84.8,17.8
641525,Brandon Dixon,0.248,0.336,0.307,0.306,391,83.6,21.2
623993,Anthony Santander,0.261,0.285,0.325,0.321,380,84.3,19.1
621514,Christin Stewart,0.233,0.29,0.297,0.314,369,82.7,21.8
573262,Mike Yastrzemski,0.272,0.325,0.357,0.344,371,83.8,22.9
669222,Nick Senzel,0.256,0.319,0.318,0.303,375,83.3,16
606132,Raimel Tapia,0.275,0.341,0.31,0.287,426,82,12
600869,Jeimer Candelario,0.203,0.262,0.286,0.302,335,82.9,18.2
425877,Yadier Molina,0.27,0.289,0.306,0.325,419,82.9,18.3
609275,Adalberto Mondesi,0.263,0.357,0.301,0.282,415,83.6,15.5
621311,David Dahl,0.302,0.386,0.368,0.34,374,84,16.1
642133,Rowdy Tellez,0.227,0.267,0.312,0.332,370,84.7,17.9
547004,Rio Ruiz,0.232,0.272,0.297,0.293,370,83.2,15.9
594824,Greg Garcia,0.248,0.323,0.321,0.295,311,80.7,9.1
608348,Carson Kelly,0.245,0.271,0.344,0.337,314,83.4,18.4
434158,Curtis Granderson,0.183,0.22,0.278,0.305,317,83.7,18.7
500874,Jose Martinez,0.269,0.328,0.326,0.343,334,82.7,10.9
575929,Willson Contreras,0.272,0.314,0.373,0.342,360,83.6,12.2
444482,David Peralta,0.275,0.327,0.342,0.301,382,85.1,12.8
547172,Tony Wolters,0.262,0.314,0.292,0.281,359,80.9,12.9
448801,Chris Davis,0.179,0.27,0.265,0.292,307,84.2,18.6
608385,Jesse Winker,0.269,0.286,0.355,0.352,338,84.1,11.5
670032,Nicky Lopez,0.24,0.273,0.262,0.251,379,81,10.7
542583,Jesus Aguilar,0.236,0.272,0.31,0.334,314,84.8,15.9
592325,Ben Gamel,0.248,0.347,0.311,0.301,311,82.9,13.5
596748,Maikel Franco,0.234,0.236,0.285,0.292,389,85.3,18.9
656811,Ryan O'Hearn,0.195,0.23,0.282,0.308,328,86,16.8
518595,Travis d'Arnaud,0.251,0.281,0.317,0.334,351,84,19.4
641598,Mitch Garver,0.273,0.277,0.41,0.38,311,86.9,18.1
435522,Neil Walker,0.261,0.316,0.322,0.339,337,82.7,16
596105,Dwight Smith Jr,0.241,0.274,0.303,0.292,357,84.7,8.8
670541,Yordan Alvarez,0.313,0.366,0.438,0.41,313,86,17.8
656308,Michael Chavis,0.254,0.347,0.327,0.298,347,82.2,16.2
572039,Stephen Piscotty,0.249,0.289,0.309,0.323,357,84.1,15.3
650333,Luis Arraez,0.334,0.355,0.363,0.336,326,83.9,15.3
429664,Robinson Cano,0.256,0.28,0.312,0.327,390,85.9,11.6
592859,Stevie Wilkerson,0.225,0.3,0.289,0.255,329,81.5,14.5
657077,Alex Verdugo,0.294,0.309,0.345,0.331,343,85.6,12
543829,Dee Gordon,0.275,0.313,0.285,0.26,393,79.5,10.4
643376,Danny Jansen,0.207,0.23,0.278,0.314,347,83.1,18.2
623520,David Bote,0.257,0.333,0.339,0.322,303,84.2,13.3
455117,Martin Maldonado,0.213,0.25,0.291,0.302,333,83.2,14.3
543228,Yan Gomes,0.223,0.265,0.301,0.304,314,83.7,20.4
571466,Tucker Barnhart,0.231,0.278,0.304,0.28,316,81.7,14.8
571740,Billy Hamilton,0.218,0.299,0.253,0.261,316,75.2,19.3
600474,Pedro Severino,0.249,0.285,0.319,0.337,305,82.4,18
665487,Fernando Tatis Jr.,0.317,0.41,0.404,0.345,334,84.8,10.3
435062,Howie Kendrick,0.344,0.359,0.405,0.419,334,86.4,13
592743,Andrelton Simmons,0.264,0.277,0.293,0.265,398,83.8,13.5
669374,Keston Hiura,0.303,0.402,0.393,0.36,314,85.3,15.6
544369,Didi Gregorius,0.238,0.237,0.302,0.293,324,82.9,20
669242,Tommy Edman,0.304,0.346,0.361,0.331,326,83.7,19.2
595978,Austin Hedges,0.176,0.228,0.245,0.266,312,81.3,22.8
475174,Yonder Alonso,0.199,0.224,0.28,0.306,292,83.6,17.1
553869,Elias Diaz,0.241,0.286,0.267,0.281,303,81.9,15.8
606299,Jose Peraza,0.239,0.268,0.275,0.292,376,80,22
466320,Melky Cabrera,0.28,0.3,0.304,0.294,378,84.3,14.4
542921,Tim Beckham,0.237,0.305,0.319,0.303,304,82.9,12.6
518960,Jonathan Lucroy,0.232,0.253,0.288,0.306,293,83,18.3
519048,Mitch Moreland,0.252,0.271,0.352,0.351,298,85.2,15.6
641658,Garrett Hampson,0.247,0.322,0.295,0.265,299,80.9,15.4
640461,Chad Pinder,0.24,0.284,0.301,0.315,341,85.8,14.2
621043,Carlos Correa,0.28,0.305,0.386,0.391,279,84.5,16.7
546991,Albert Almora Jr.,0.236,0.255,0.274,0.28,339,82.2,11.7
664040,Brandon Lowe,0.27,0.377,0.359,0.346,296,84.6,22.1
650490,Yandy Diaz,0.267,0.288,0.345,0.357,307,86.6,12.7
608336,Joey Gallo,0.253,0.368,0.406,0.395,241,87.9,25.9
571431,Matt Adams,0.226,0.284,0.311,0.318,310,84.7,20.2
605612,Harold Castro,0.291,0.367,0.295,0.283,354,81.8,12.6
592444,JaCoby Jones,0.235,0.304,0.315,0.323,298,84.9,18.6
643565,Mike Tauchman,0.277,0.333,0.368,0.323,260,82.2,19.1
596144,Cheslor Cuthbert,0.246,0.288,0.29,0.292,309,83.9,21.6
666971,Lourdes Gurriel Jr.,0.277,0.318,0.363,0.342,314,85,16.8
435263,Brian McCann,0.249,0.261,0.315,0.314,277,85,15.5
641432,Willie Calhoun,0.269,0.262,0.355,0.33,309,84.2,23.6
572033,Josh Phegley,0.239,0.258,0.295,0.287,314,81.5,18.6
545350,Jake Marisnick,0.233,0.31,0.3,0.255,292,78.9,12.5
572041,A.J. Pollock,0.266,0.3,0.337,0.334,308,86.5,16.2
543308,John Hicks,0.21,0.273,0.263,0.247,319,81.2,21.1
643603,Tyler White,0.208,0.29,0.276,0.274,240,81.7,19.2
452254,Hunter Pence,0.297,0.333,0.382,0.358,286,85.5,14.1
452095,Tyler Flowers,0.229,0.325,0.313,0.289,271,84.1,13.1
457803,Jay Bruce,0.216,0.2,0.323,0.34,310,84.9,23
621006,Richie Martin,0.208,0.272,0.254,0.25,283,77.8,11.6
608596,Tom Murphy,0.273,0.34,0.359,0.301,260,85,19.6
608597,Ronald Guzman,0.219,0.282,0.309,0.326,256,80.4,18.8
571745,Mitch Haniger,0.22,0.257,0.33,0.327,246,83.6,18.5
571788,Brock Holt,0.297,0.365,0.335,0.317,259,83.2,12.8
622682,Victor Reyes,0.304,0.384,0.328,0.3,276,80.5,14.5
600303,Tommy La Stella,0.295,0.282,0.355,0.35,292,84.9,16.8
518618,Derek Dietrich,0.187,0.176,0.338,0.351,251,81.7,22.6
572287,Mike Zunino,0.165,0.22,0.238,0.271,266,84.1,22.2
572816,Corey Dickerson,0.304,0.344,0.371,0.317,260,82,21.9
543768,Travis Shaw,0.157,0.216,0.25,0.278,230,82.5,24
542932,Jon Berti,0.273,0.36,0.329,0.313,256,81.7,10.1
457705,Andrew McCutchen,0.256,0.299,0.362,0.355,219,86.2,14.9
664238,Dylan Moore,0.206,0.29,0.302,0.278,247,81.3,21.2
647304,Josh Naylor,0.249,0.302,0.309,0.297,253,84.9,11.8
488771,Jason Castro,0.232,0.307,0.331,0.364,237,85.1,14.8
467055,Pablo Sandoval,0.268,0.304,0.341,0.336,272,84.2,17.6
621453,Steven Duggar,0.234,0.313,0.268,0.276,261,80.3,13
457708,Justin Upton,0.215,0.261,0.31,0.312,219,83.4,19.9
457727,Cameron Maybin,0.285,0.365,0.367,0.337,239,83.9,15
519390,Stephen Vogt,0.263,0.311,0.336,0.328,255,85.5,24.8
663586,Austin Riley,0.226,0.293,0.312,0.305,274,84.2,19.7
656669,Jordan Luplow,0.276,0.313,0.388,0.348,225,84,21.9
605170,Victor Caratini,0.266,0.305,0.342,0.335,244,84,13.1
527038,Wilmer Flores,0.317,0.332,0.362,0.329,265,83.1,18.4
571980,Tyler Naquin,0.288,0.345,0.334,0.327,274,84.5,15.8
501571,Juan Lagares,0.213,0.279,0.26,0.244,258,80.7,14.5
640447,Phillip Ervin,0.271,0.339,0.338,0.295,236,81.2,15.6
607043,Brandon Nimmo,0.221,0.293,0.343,0.33,199,82.1,16.6
435079,Ian Kinsler,0.217,0.24,0.28,0.252,258,81.4,18.4
474568,Jordy Mercer,0.27,0.316,0.318,0.319,256,83.4,18.7
467827,Gerardo Parra,0.234,0.264,0.291,0.298,274,82.1,12.7
543305,Aaron Hicks,0.235,0.286,0.329,0.301,221,85.8,18.1
642165,Josh VanMeter,0.237,0.279,0.319,0.324,228,85.1,20.3
431145,Russell Martin,0.22,0.276,0.297,0.306,209,83,15.2
435559,Kurt Suzuki,0.264,0.248,0.341,0.338,280,82.9,19.4
591741,Jose Osuna,0.264,0.285,0.323,0.328,261,84.7,14.8
543592,Austin Nola,0.269,0.325,0.34,0.296,238,82.6,19.6
500135,Ronny Rodriguez,0.221,0.254,0.287,0.29,276,82.6,20
641856,Billy McKinney,0.215,0.25,0.295,0.285,251,81.9,18
621439,Byron Buxton,0.262,0.314,0.345,0.309,271,85.3,21
649966,Luis Urias,0.223,0.284,0.296,0.304,215,82.7,15.3
621563,Joey Wendle,0.231,0.272,0.277,0.285,238,83.4,14
547982,Leonys Martin,0.199,0.255,0.272,0.265,236,80.4,17.2
608475,Dawel Lugo,0.245,0.288,0.275,0.29,273,83.3,14.3
445988,Martin Prado,0.233,0.268,0.245,0.275,245,83.4,12.7
643393,Tony Kemp,0.212,0.227,0.288,0.262,245,81.6,16.1
459964,Matt Joyce,0.295,0.351,0.375,0.36,200,83.1,19.6
456078,Welington Castillo,0.209,0.247,0.29,0.3,230,85,17.4
493596,Gordon Beckham,0.215,0.282,0.278,0.285,223,80.7,18.5
641796,Tim Locastro,0.25,0.31,0.316,0.301,212,79.8,16.8
641477,Ryan Cordell,0.222,0.289,0.282,0.274,216,81,20.2
621002,Daniel Robertson,0.213,0.288,0.276,0.276,207,81.2,13.6
607461,Matt Beaty,0.265,0.275,0.328,0.321,249,85.5,14.2
656514,Adam Haseley,0.266,0.344,0.312,0.266,222,83.2,14.1
640449,Clint Frazier,0.267,0.329,0.338,0.315,225,83.6,16.2
641553,Adam Engel,0.242,0.343,0.299,0.275,227,78.8,16.1
542979,Keon Broxton,0.167,0.292,0.231,0.235,204,79.6,14.2
656185,Greg Allen,0.229,0.28,0.277,0.282,231,80.4,13.1
621446,Lewis Brinson,0.173,0.255,0.207,0.243,226,81.9,11.7
592200,Curt Casali,0.251,0.308,0.319,0.309,207,82.7,19.2
608365,Addison Russell,0.237,0.28,0.3,0.285,215,81.7,15.9
571875,Jake Lamb,0.193,0.234,0.3,0.34,187,83.8,19
605131,Austin Barnes,0.203,0.248,0.275,0.258,212,82.8,18.9
425772,Jeff Mathis,0.158,0.243,0.192,0.196,228,79.3,21.6
541650,Hernan Perez,0.228,0.283,0.274,0.257,232,82.1,15.2
595909,Jake Cave,0.258,0.358,0.347,0.36,198,84.1,11
628338,Guillermo Heredia,0.225,0.293,0.294,0.298,204,81,15.6
649557,Aledmys Diaz,0.271,0.268,0.349,0.339,210,84.4,15.1
456781,Donovan Solano,0.33,0.409,0.349,0.339,215,83.4,16.7
542255,Ender Inciarte,0.246,0.286,0.321,0.29,199,78.7,14.9
642336,Francisco Mejia,0.265,0.319,0.321,0.285,226,84.1,20.9
606157,Aristides Aquino,0.259,0.266,0.366,0.334,205,83.9,16.2
622666,Johan Camargo,0.233,0.258,0.282,0.282,232,81.8,17.5
666182,Bo Bichette,0.311,0.368,0.389,0.335,196,83.3,16.7
519222,Austin Romine,0.281,0.327,0.319,0.305,228,82.5,15.3
501303,Ehire Adrianza,0.272,0.311,0.329,0.323,202,80.8,17.6
606988,Grayson Greiner,0.202,0.276,0.244,0.246,208,81.6,16.1
488671,Alex Avila,0.207,0.287,0.327,0.357,164,86.6,14.4
642082,Chance Sisco,0.21,0.276,0.322,0.332,167,84.4,16
643396,Isiah Kiner-Falefa,0.238,0.307,0.274,0.258,202,83.1,12.4
502273,Mike Freeman,0.277,0.388,0.33,0.281,177,78.3,11.9
434778,Kendrys Morales,0.194,0.217,0.265,0.364,170,86.5,11.7
669257,Will Smith,0.253,0.264,0.374,0.323,170,84.5,24.3
571657,Kyle Farmer,0.23,0.284,0.292,0.282,183,81.3,18
656371,Isan Diaz,0.173,0.224,0.251,0.258,179,82.7,17.5
518614,Daniel Descalso,0.173,0.245,0.239,0.265,168,83.4,16
588751,Adeiny Hechavarria,0.241,0.272,0.316,0.302,203,82.9,16.3
596103,Austin Slater,0.238,0.337,0.324,0.331,168,85.6,7.9
664034,Ty France,0.234,0.279,0.3,0.293,184,83.3,15.5
607345,Kevan Smith,0.251,0.287,0.309,0.346,191,84.9,9.6
592122,Tyler Austin,0.188,0.253,0.302,0.317,154,84.2,16
572073,Joey Rickard,0.226,0.304,0.293,0.273,168,80.3,22.4
641513,Travis Demeritte,0.225,0.337,0.275,0.279,169,84.7,19.9
572008,Chris Owings,0.139,0.222,0.2,0.237,180,81.3,14.9
545121,Ildemaro Vargas,0.269,0.279,0.304,0.278,201,83.5,8.1
642086,Dominic Smith,0.282,0.32,0.373,0.327,177,82.3,16.9
446308,Matt Wieters,0.214,0.223,0.296,0.289,168,84,17.9
506702,Sandy Leon,0.192,0.231,0.242,0.228,172,79.7,24
663757,Trent Grisham,0.231,0.286,0.319,0.304,156,82.9,19.5
475582,Ryan Zimmerman,0.257,0.297,0.317,0.321,171,87,13.3
501896,David Freese,0.315,0.374,0.42,0.382,162,85.1,15.4
444489,Manny Pina,0.228,0.284,0.311,0.31,158,82.4,18.2
607732,Jacob Stallings,0.262,0.303,0.3,0.313,191,84.5,14.8
571506,Justin Bour,0.172,0.196,0.27,0.28,151,84.2,13.1
628356,Jung Ho Kang,0.169,0.184,0.26,0.29,172,86.9,16
543105,Alex Dickerson,0.276,0.331,0.345,0.342,174,83.8,18.1
445055,Jon Jay,0.267,0.324,0.277,0.273,165,77.9,11.1
642136,Matt Thaiss,0.211,0.264,0.307,0.287,147,83.8,22.3
450314,Ben Zobrist,0.26,0.299,0.305,0.306,150,82.9,10.1
592387,Ryon Healy,0.237,0.262,0.312,0.324,169,84.8,19.4
621573,Austin Dean,0.225,0.27,0.28,0.299,178,83.3,16.2
663993,Nate Lowe,0.263,0.34,0.332,0.327,152,83.8,17.5
605490,Bubba Starling,0.215,0.286,0.25,0.246,186,78.6,14.3
570256,Gregory Polanco,0.242,0.316,0.309,0.294,153,83.4,21.5
572365,Ryan Goins,0.25,0.347,0.3,0.273,144,82.3,13.8
602922,Jose Rondon,0.196,0.245,0.243,0.264,143,82,16.3
622110,Matt Duffy,0.252,0.305,0.301,0.308,147,83.2,9.7
455104,Chris Iannetta,0.222,0.306,0.307,0.312,144,84,14.3
605233,Derek Fisher,0.185,0.244,0.288,0.294,146,86.6,13.4
448602,Mark Reynolds,0.17,0.247,0.27,0.266,135,83.1,20.6
643418,Shed Long,0.263,0.327,0.337,0.271,152,84.3,15.1
543543,Brad Miller,0.26,0.281,0.372,0.344,154,86.6,18.9
645801,Mike Ford,0.259,0.243,0.378,0.365,143,87.6,19
622168,Yairo Munoz,0.267,0.328,0.283,0.245,172,81.8,9.4
608700,Kevin Plawecki,0.222,0.256,0.276,0.286,158,82.8,17.1
595284,Andrew Knapp,0.213,0.325,0.284,0.292,136,82.5,14.1
668942,Josh Rojas,0.217,0.295,0.281,0.326,138,84.7,16.8
465041,Francisco Cervelli,0.213,0.278,0.288,0.284,141,81.6,13.9
471865,Carlos Gonzalez,0.2,0.283,0.256,0.274,145,82.3,8.7
664023,Ian Happ,0.264,0.286,0.373,0.353,140,85.4,19.2
622569,Pablo Reyes,0.203,0.257,0.262,0.244,143,83.8,18.4
607752,Sam Travis,0.215,0.243,0.277,0.281,144,82.7,13.3
657061,Cole Tucker,0.211,0.276,0.267,0.285,147,82,15.4
607776,Mac Williamson,0.156,0.2,0.232,0.262,128,80.8,15.3
641933,Tyler O'Neill,0.262,0.386,0.311,0.284,141,83.5,21.2
456488,Eduardo Nunez,0.228,0.257,0.236,0.259,167,83.3,14.3
605508,Charlie Tilson,0.229,0.305,0.257,0.267,144,81.2,8.1
650619,Meibrys Viloria,0.211,0.293,0.238,0.211,133,81.7,7.9
670712,Michael Brosseau,0.273,0.345,0.333,0.271,132,82.1,15.7
553902,Willians Astudillo,0.268,0.258,0.291,0.32,190,82.9,17.1
446481,Sean Rodriguez,0.223,0.309,0.321,0.3,112,81.2,18.7
595956,Cam Gallagher,0.238,0.281,0.297,0.262,126,81.5,18.2
527049,Cesar Puello,0.248,0.325,0.328,0.324,125,81.6,0.5
621466,DJ Stewart,0.238,0.268,0.302,0.297,126,83.7,16.4
664702,Myles Straw,0.269,0.345,0.325,0.321,108,79.3,14.2
593523,Marco Hernandez,0.25,0.337,0.269,0.242,148,80.3,12.4
518586,Charlie Culberson,0.259,0.345,0.309,0.282,135,81.2,12.7
545358,Max Stassi,0.136,0.202,0.178,0.236,132,84,15.7
594694,Wilmer Difo,0.252,0.31,0.272,0.265,131,78.1,14.1
669256,Nick Solak,0.293,0.354,0.379,0.343,116,83.9,12.8
668670,Jake Rogers,0.125,0.175,0.218,0.204,112,79.2,23
543281,Josh Harrison,0.175,0.207,0.21,0.286,137,82,24
600858,Humberto Arteaga,0.197,0.255,0.223,0.254,122,78.9,13.8
546318,Odubel Herrera,0.222,0.29,0.275,0.277,126,82.1,17.8
594807,Adam Duvall,0.267,0.306,0.366,0.329,120,85.2,26
570481,Erik Gonzalez,0.254,0.333,0.264,0.246,142,80.3,8.7
446263,Lucas Duda,0.171,0.197,0.248,0.311,105,85.3,23.1
621005,Tim Lopes,0.27,0.354,0.32,0.29,111,80.7,12.4
592407,Bryan Holaday,0.278,0.308,0.33,0.282,115,83.2,16.6
571697,Scooter Gennett,0.226,0.304,0.243,0.222,133,80.5,20.6
571912,Luke Maile,0.151,0.19,0.196,0.259,119,79.5,12.9
594011,Rosell Herrera,0.2,0.25,0.266,0.261,105,83.2,11.9
595375,JT Riddle,0.189,0.226,0.253,0.261,132,84.6,13.4
624431,Jose Trevino,0.258,0.312,0.277,0.266,120,82.5,18.8
621512,Tomas Nido,0.191,0.232,0.23,0.237,136,82.7,9.7
605361,Nick Martini,0.226,0.299,0.294,0.296,93,82.2,9.8
608384,Nick Williams,0.151,0.23,0.195,0.265,106,80.3,16.9
641470,Zack Collins,0.186,0.295,0.288,0.317,86,84.7,26
596451,Roman Quinn,0.213,0.271,0.292,0.293,108,78.3,10.5
607054,Jace Peterson,0.22,0.267,0.26,0.284,100,85.2,13.6
456665,Steve Pearce,0.18,0.259,0.225,0.252,89,85.7,19.5
650489,Willi Castro,0.23,0.333,0.272,0.246,100,78.7,20.8
643289,Mauricio Dubon,0.274,0.305,0.316,0.277,106,80.7,17
576397,Jedd Gyorko,0.174,0.212,0.226,0.267,92,81.5,16.1
542364,Rafael Ortega,0.205,0.25,0.256,0.286,88,82.4,18.6
596119,Blake Swihart,0.163,0.212,0.23,0.247,92,81,18.4
572863,Dustin Garneau,0.244,0.295,0.333,0.306,86,80.9,20.3
605486,Cory Spangenberg,0.232,0.351,0.27,0.244,95,80.3,8.9
446359,Zack Cozart,0.124,0.143,0.15,0.246,97,83.3,21
641505,Jonathan Davis,0.181,0.224,0.242,0.302,83,78.8,10.6
572191,Michael A. Taylor,0.25,0.396,0.292,0.276,88,82.4,15.3
642180,Tyler Wade,0.245,0.328,0.306,0.285,94,79.9,14.5
594953,Daniel Palka,0.107,0.149,0.176,0.205,84,83.2,23.9
656541,Sam Hilliard,0.273,0.298,0.413,0.341,77,83.5,19.1
602074,Yonathan Daza,0.206,0.26,0.223,0.23,97,79.9,9.5
594988,Scott Schebler,0.123,0.154,0.225,0.245,81,81.2,12.9
543302,Chris Herrmann,0.202,0.296,0.25,0.286,84,82.4,8.6
460576,Carlos Gomez,0.198,0.259,0.271,0.28,86,80.9,21.2
624512,Reese McGuire,0.299,0.324,0.368,0.309,97,81.9,18
665120,Jared Walsh,0.203,0.349,0.262,0.289,79,85.7,16.9
543148,Tim Federowicz,0.16,0.2,0.239,0.297,75,81.9,23.2
666158,Gavin Lux,0.24,0.327,0.304,0.343,75,84.3,16
595981,Scott Heineman,0.213,0.264,0.298,0.284,75,81.1,16.3
643436,Ryan McBroom,0.293,0.44,0.32,0.325,75,80.5,12.8
647351,Abraham Toro,0.218,0.259,0.298,0.301,78,83.7,13.8
644374,Yu Chang,0.178,0.24,0.256,0.301,73,84,17.9
541600,Wilfredo Tovar,0.193,0.235,0.219,0.249,83,79.2,15.2
664913,Seth Brown,0.293,0.423,0.35,0.296,75,84.6,19.1
518516,Madison Bumgarner,0.127,0.286,0.215,0.206,63,78.1,7.6
596825,Robel Garcia,0.208,0.303,0.32,0.282,72,84.2,22.4
502117,Kristopher Negron,0.247,0.347,0.271,0.246,77,81.4,12.4
605474,Matt Skole,0.208,0.357,0.233,0.231,72,79.6,22.8
544931,Stephen Strasburg,0.167,0.239,0.187,0.22,72,77.7,-2
642162,Pat Valaika,0.19,0.318,0.251,0.223,79,81.5,22.6
621433,Brett Phillips,0.138,0.167,0.23,0.24,65,81.4,19
519317,Giancarlo Stanton,0.288,0.424,0.383,0.389,59,84.6,14.2
642721,Kelvin Gutierrez,0.26,0.367,0.286,0.238,73,84.3,2.3
500208,Yangervis Solarte,0.205,0.25,0.238,0.263,73,79.8,12
605196,Kevin Cron,0.211,0.237,0.327,0.344,71,84.6,18.5
641786,Kyle Lewis,0.268,0.351,0.363,0.348,71,87.1,14.3
641645,Luis Guillorme,0.246,0.304,0.302,0.31,61,80.2,17.4
663538,Nico Hoerner,0.282,0.292,0.309,0.322,78,83,10.8
656775,Cedric Mullins,0.094,0.118,0.16,0.223,64,78.3,21.9
547170,Nicky Delmonico,0.206,0.324,0.245,0.26,63,81.3,16.4
663898,Brendan Rodgers,0.224,0.347,0.235,0.202,76,82.1,14.2
669720,Austin Hays,0.309,0.333,0.398,0.364,68,84.3,12.6
620446,Richard Urena,0.243,0.353,0.26,0.231,74,79.4,15
573135,Tyler Saladino,0.123,0.162,0.189,0.24,65,84.5,11.5
621111,Walker Buehler,0.085,0.16,0.131,0.156,59,78.8,2.2
605400,Aaron Nola,0.119,0.292,0.169,0.156,59,75.4,5.5
491696,Jesus Sucre,0.21,0.265,0.232,0.252,62,82.1,16.9
642851,Austin Wynns,0.214,0.255,0.228,0.247,70,82.3,7.7
571974,John Ryan Murphy,0.175,0.226,0.28,0.286,63,80.6,22.6
571437,Aaron Altherr,0.082,0.111,0.136,0.212,61,80.5,22.2
592680,Yadiel Rivera,0.183,0.275,0.219,0.211,60,83.7,6.9
594838,Phil Gosselin,0.262,0.347,0.265,0.322,65,84.8,16.8
460026,Nick Hundley,0.2,0.24,0.251,0.227,70,81.1,17.4
621458,Edwin Rios,0.277,0.409,0.419,0.394,47,83.4,14.7
547943,Hyun-Jin Ryu,0.157,0.259,0.204,0.208,51,72.2,4.8
641914,Sheldon Neuse,0.25,0.368,0.264,0.293,56,83.5,14.7
592789,Noah Syndergaard,0.092,0.25,0.146,0.148,65,79.7,21.3
663656,Kyle Tucker,0.269,0.326,0.355,0.341,67,85.5,15
543377,Corban Joseph,0.156,0.173,0.191,0.228,64,84.3,15.2
664774,LaMonte Wade Jr,0.196,0.2,0.323,0.373,56,85.2,22.2
669221,Sean Murphy,0.245,0.273,0.375,0.34,53,84.7,12.6
664119,Austin Allen,0.215,0.318,0.232,0.185,65,81.3,11
594798,Jacob deGrom,0.2,0.25,0.248,0.229,65,78.5,3.2
608331,Max Fried,0.196,0.275,0.238,0.247,56,80.3,5.8
506433,Yu Darvish,0.089,0.192,0.098,0.126,56,77.6,4.5
623323,Braden Bishop,0.107,0.171,0.124,0.189,56,78.6,12.3
656427,Jack Flaherty,0.185,0.263,0.197,0.207,54,73.6,1.1
543309,Kyle Higashioka,0.214,0.321,0.275,0.21,56,83,20.4
571578,Patrick Corbin,0.092,0.158,0.113,0.12,65,73.8,-0.6
608686,Jack Mayfield,0.156,0.174,0.207,0.207,64,81.9,22.6
491676,Gorkys Hernandez,0.143,0.194,0.206,0.273,49,77.5,17.5
620439,Franklin Barreto,0.123,0.156,0.168,0.205,57,82.5,11.2
645261,Sandy Alcantara,0.086,0.417,0.102,0.08,58,72.1,9.5
664926,Nick Dini,0.196,0.243,0.272,0.283,56,83.3,29.9
477132,Clayton Kershaw,0.102,0.152,0.109,0.125,49,67.8,-2.6
605253,Terrance Gore,0.275,0.424,0.319,0.294,51,74.3,14.9
461314,Matt Kemp,0.2,0.268,0.21,0.197,60,83.6,13.5
543776,JB Shuck,0.213,0.27,0.28,0.309,47,80.1,11.6
624414,Christian Arroyo,0.22,0.3,0.299,0.301,50,78.6,9.2
434670,Hanley Ramirez,0.184,0.233,0.281,0.294,49,85,14.4
642731,Thairo Estrada,0.25,0.283,0.312,0.31,64,83.3,8
605200,Zach Davies,0.154,0.296,0.159,0.153,52,70.8,17.3
596012,Kevin Kramer,0.167,0.259,0.212,0.262,42,80.1,22.5
607468,Alex Blandino,0.25,0.348,0.353,0.343,36,84.6,16.2
605421,Michael Perez,0.217,0.37,0.305,0.298,46,86.3,25.5
621532,Anthony Bemboom,0.13,0.188,0.151,0.154,54,75.8,23
453286,Max Scherzer,0.182,0.357,0.159,0.156,55,73.2,-5.7
595453,Chad Wallach,0.25,0.314,0.312,0.378,48,84.7,17
547179,Michael Lorenzen,0.208,0.3,0.265,0.268,48,87.4,7.3
658069,Josh Fuentes,0.218,0.281,0.266,0.194,55,79,12.5
452657,Jon Lester,0.188,0.296,0.248,0.198,48,83.8,15.6
543294,Kyle Hendricks,0.148,0.32,0.166,0.15,54,71.5,3
647336,Mike Soroka,0.077,0.133,0.113,0.174,52,71.7,-3.4
554430,Zack Wheeler,0.211,0.297,0.248,0.21,57,73.5,9.9
641684,Michael Hermosillo,0.139,0.278,0.255,0.266,36,78.5,17.6
435064,Bobby Wilson,0.091,0.121,0.114,0.139,44,74.2,24.1
425794,Adam Wainwright,0.16,0.258,0.178,0.207,50,76.3,9.5
518653,Jake Elmore,0.213,0.256,0.214,0.282,47,80.9,21.1
664192,Joey Lucchesi,0.063,0.25,0.068,0.06,48,68.2,4.1
543243,Sonny Gray,0.152,0.259,0.171,0.134,46,70.1,-10
607223,AJ Reed,0.136,0.217,0.186,0.204,44,85.1,20.6
621493,Taylor Ward,0.19,0.389,0.278,0.262,42,84.5,20.1
518876,Merrill Kelly,0.019,0.037,0.042,0.104,52,67.5,-5.8
595885,Greg Bird,0.171,0.278,0.256,0.291,35,82.6,18.1
591971,Breyvic Valera,0.234,0.256,0.301,0.269,47,82.7,17.1
527054,Julio Teheran,0.109,0.188,0.1,0.134,55,75.5,10.5
622491,Luis Castillo,0.097,0.2,0.09,0.108,62,69.1,1.9
502188,Jeff Samardzija,0.12,0.3,0.119,0.086,50,71.4,1.8
571945,Miles Mikolas,0.136,0.25,0.125,0.135,59,76.8,7.3
657434,Brian O'Grady,0.19,0.261,0.308,0.303,42,84.2,24.5
592662,Robbie Ray,0.073,0.148,0.064,0.089,55,71.8,-7
624513,Dom Nunez,0.179,0.238,0.268,0.203,39,85.4,27.4
664247,Kyle Garlick,0.25,0.346,0.347,0.325,48,86.5,27.5
598284,Peter O'Brien,0.167,0.273,0.236,0.253,42,83.2,15.2
605540,Brandon Woodruff,0.267,0.48,0.275,0.238,45,76.2,11.8
668800,Andrew Knizner,0.226,0.27,0.292,0.234,53,82.7,12.6
605244,Aramis Garcia,0.143,0.211,0.22,0.212,42,80.2,24.6
592351,Jon Gray,0.064,0.12,0.094,0.14,47,64.7,-4.7
628317,Kenta Maeda,0.25,0.343,0.234,0.203,48,72.6,2.4
657145,Mark Zagunis,0.25,0.45,0.293,0.274,36,81.4,13.9
608715,Eric Stamets,0.049,0.111,0.118,0.184,41,77.4,30
543194,Isaac Galloway,0.167,0.243,0.153,0.22,54,81.8,19.3
656252,Bobby Bradley,0.178,0.292,0.259,0.239,45,83.4,15.4
605397,Joe Musgrove,0.157,0.25,0.185,0.217,51,73.8,13
641712,Dakota Hudson,0.078,0.148,0.081,0.114,51,71.3,-4.3
571927,Steven Matz,0.228,0.308,0.219,0.272,57,74,4.2
640460,Dustin Peterson,0.227,0.333,0.261,0.211,44,79.2,17.1
456124,Erik Kratz,0.102,0.118,0.17,0.191,49,81.8,22.7
460077,Drew Butera,0.163,0.233,0.208,0.213,43,78.9,22.7
453562,Jake Arrieta,0.156,0.269,0.156,0.204,45,76.1,18
543101,Anthony DeSclafani,0.109,0.222,0.095,0.101,55,79.3,1.3
664057,Andrew Stevenson,0.367,0.579,0.42,0.366,30,78.6,20.3
434671,Anibal Sanchez,0.115,0.214,0.101,0.125,52,69.4,0.7
500779,Jose Quintana,0.093,0.185,0.088,0.096,54,70,-10.7
543475,Jordan Lyles,0.089,0.235,0.104,0.108,45,77,-2.2
621107,Zach Eflin,0.16,0.348,0.147,0.163,50,74.7,13.4
450306,Jason Vargas,0.075,0.167,0.066,0.098,40,69,0.5
593700,Alen Hanson,0.163,0.259,0.175,0.19,43,75.2,8.6
425844,Zack Greinke,0.28,0.314,0.367,0.323,50,81.3,5.9
664041,Jaylin Davis,0.167,0.2,0.229,0.284,42,85.9,4.2
657041,Lane Thomas,0.316,0.308,0.451,0.376,38,86.6,15.8
609280,Miguel Andujar,0.128,0.162,0.121,0.192,47,79.2,21
488721,Peter Bourjos,0.091,0.133,0.099,0.162,44,83,22.8
641829,Jason Martin,0.25,0.346,0.284,0.349,36,84.8,17.9
502624,Chase Anderson,0.1,0.25,0.125,0.124,40,68.7,-6.1
592660,Rangel Ravelo,0.205,0.231,0.28,0.351,39,84.6,12.1
592866,Trevor Williams,0.167,0.316,0.174,0.169,36,66.7,-0.4
572971,Dallas Keuchel,0.132,0.5,0.139,0.091,38,74.2,0
666198,Carter Kieboom,0.128,0.143,0.207,0.279,39,86.8,14
663978,Chris Paddack,0.119,0.217,0.104,0.108,42,77,-0.7
430935,Cole Hamels,0.143,0.214,0.156,0.201,42,77.5,9.1
593647,Socrates Brito,0.077,0.136,0.141,0.228,39,80.1,4.7
595881,Tyler Beede,0.105,0.267,0.136,0.123,38,76.4,9.1
641778,Eric Lauer,0.1,0.235,0.12,0.148,40,72.5,1.7
641584,Jake Fraley,0.15,0.231,0.163,0.143,40,80.6,20.6
664901,Danny Mendick,0.308,0.385,0.336,0.295,39,83.2,17.1
608566,German Marquez,0.229,0.324,0.245,0.198,48,69.1,4.7
622608,Antonio Senzatela,0.025,0.063,0.038,0.07,40,73.8,3.6
501659,Abraham Almonte,0.29,0.364,0.41,0.336,31,82.3,16.1
489149,Logan Morrison,0.2,0.217,0.283,0.284,35,86.3,21.8
502042,Chris Archer,0.114,0.25,0.147,0.13,35,73.2,3.5
543376,Caleb Joseph,0.211,0.286,0.228,0.265,38,83.3,22.3
643230,Steven Brault,0.333,0.394,0.335,0.283,42,76.7,2.1
608379,Michael Wacha,0.167,0.4,0.156,0.08,36,73.1,10.9
592761,Caleb Smith,0.233,0.357,0.232,0.189,43,75.6,-4.8
641816,Tyler Mahle,0.088,0.2,0.105,0.09,34,71.6,-14
621559,Max Moroff,0.125,0.2,0.187,0.218,32,78.7,30.8
642423,Magneuris Sierra,0.35,0.424,0.349,0.271,40,76.7,13.2
641154,Pablo Lopez,0.171,0.375,0.171,0.177,35,76.7,8.5
592826,Vince Velasquez,0.233,0.3,0.269,0.25,30,75.8,3.4
607333,Beau Taylor,0.16,0.125,0.307,0.404,25,82.8,7.3
670950,Trevor Richards,0.1,0.25,0.125,0.107,30,74.6,4.1
623180,Seth Mejias-Brean,0.233,0.263,0.338,0.294,30,83,6.4
444432,Mark Trumbo,0.172,0.208,0.22,0.327,29,83.6,12.9
506703,Adrian Sanchez,0.226,0.333,0.213,0.194,31,81.5,7.3
592314,Mike Foltynewicz,0.057,0.125,0.05,0.099,35,73.1,-2.2
596117,Garrett Stubbs,0.2,0.25,0.256,0.271,35,81.6,17.4
592863,Mason Williams,0.267,0.32,0.277,0.343,30,82.3,20.3
663567,Peter Lambert,0.321,0.5,0.321,0.257,28,69.9,3.5
546990,Anthony Alford,0.179,0.25,0.23,0.206,28,82.5,21.2
642736,Domingo Leyba,0.28,0.412,0.343,0.29,25,83.1,18.9
625510,Erick Mejia,0.227,0.313,0.278,0.235,22,77.1,13
621550,Patrick Wisdom,0.154,0.364,0.169,0.182,26,84.3,19.8
468504,Jhoulys Chacin,0.125,0.154,0.177,0.142,24,81.9,17.2
607536,Kyle Freeland,0.087,0.25,0.147,0.173,23,64.6,-1.8
543699,Tanner Roark,0.152,0.211,0.177,0.202,33,77.9,13.4
534606,Ryan LaMarre,0.217,0.188,0.334,0.394,23,81.9,10.9
595222,Mike Gerber,0.042,0.111,0.101,0.157,24,84.8,12.1
622065,Alex Young,0.04,0.143,0.035,0.037,25,66.9,-3.1
601713,Nick Pivetta,0.08,0.333,0.094,0.063,25,73.8,-2.8
623205,Andrew Velazquez,0.087,0.2,0.132,0.15,23,78.6,26.9
615698,Cal Quantrill,0.08,0.105,0.094,0.123,25,64.7,-14.8
606956,Ryan Court,0.208,0.333,0.262,0.282,24,77.9,15.7
641312,Shaun Anderson,0.08,0.333,0.109,0.109,25,72.3,14
605288,Adrian Houser,0.045,0.2,0.109,0.128,22,72,-2.5
614173,Franchy Cordero,0.333,0.556,0.375,0.343,15,79.9,19.3
543484,Mikie Mahtook,0,0,0.055,0.197,23,82.4,35.8
542436,Cristhian Adames,0.318,0.5,0.328,0.281,22,82.3,10.8
461829,Gio Gonzalez,0.04,0.125,0.06,0.074,25,69.7,5.2
434658,Rajai Davis,0.2,0.211,0.266,0.292,25,80.4,23.4
592346,Chi Chi Gonzalez,0.042,0.111,0.036,0.058,24,79.8,5.8
621381,Matt Strahm,0.286,0.667,0.32,0.281,21,75.6,-0.9
668227,Randy Arozarena,0.3,0.333,0.384,0.348,20,83.9,12.2
657141,Jordan Yamamoto,0.048,0.083,0.071,0.134,21,71.1,-11.2
592332,Kevin Gausman,0.037,0.111,0.032,0.061,27,73.1,-15.2
592230,Kaleb Cowart,0.16,0.222,0.203,0.208,25,77.2,28.7
605446,Dereck Rodriguez,0.172,0.417,0.151,0.117,29,82.5,17.3
475247,Ryan Flaherty,0.143,0.214,0.159,0.274,21,82.3,10.4
664199,Taylor Clarke,0.25,0.385,0.265,0.17,24,77.7,14.5
622694,Elieser Hernandez,0.053,0.111,0.078,0.085,19,70.5,-4.8
517369,Jose Pirela,0.182,0.214,0.265,0.272,22,80.5,19.2
543089,Taylor Davis,0.167,0.154,0.256,0.335,18,82.9,18.7
571679,David Freitas,0.067,0.091,0.182,0.283,15,81.4,7.7
545333,Trevor Bauer,0.158,0.429,0.191,0.15,19,80.5,-0.8
608671,Travis Jankowski,0.182,0.222,0.203,0.216,22,76.7,8.9
425784,Rene Rivera,0.235,0.25,0.334,0.279,17,84.9,9.7
622046,Chris Shaw,0.056,0.1,0.113,0.19,18,87,13.3
622268,Donnie Walton,0.188,0.273,0.247,0.24,16,77.6,16.6
543022,Tyler Chatwood,0.167,0.25,0.212,0.187,18,79.3,11.3
643327,Zack Godley,0.158,0.333,0.213,0.187,19,75.7,20.2
642221,Kean Wong,0.167,0.25,0.146,0.183,18,79.3,16
668678,Zac Gallen,0.105,0.182,0.092,0.107,19,71.3,-9.2
548389,Ross Stripling,0.15,0.231,0.182,0.213,20,72.1,-3.1
593528,Jorge Bonifacio,0.35,0.538,0.376,0.253,20,78.7,16.9
502190,Mike Leake,0.048,0.1,0.071,0.116,21,66.9,3.8
624407,Tzu-Wei Lin,0.2,0.286,0.255,0.161,20,79.1,12.8
570632,Jose Urena,0,0,0.035,0.058,19,57.9,-7.1
456030,Dustin Pedroia,0.1,0.111,0.116,0.202,20,83.6,7.2
573186,Marcus Stroman,0.043,0.1,0.038,0.141,23,75,-6.3
448179,Rich Hill,0.167,0.333,0.193,0.153,18,65.5,5.2
543432,Ryan Lavarnway,0.278,0.273,0.422,0.305,18,81.6,9.3
592767,Drew Smyly,0,0,0.035,0.073,19,76.2,-13.9
641878,Ian Miller,0.176,0.214,0.176,0.237,17,81.3,17.7
676606,Nick Margevicius,0.2,0.375,0.175,0.19,15,77.2,12.2
605452,Joe Ross,0.105,0.222,0.122,0.117,19,82.1,8.5
596133,Luke Weaver,0.105,0.125,0.143,0.141,19,76.6,14.9
659275,Dinelson Lamet,0.143,0.3,0.125,0.115,21,67,-11.3
592620,Jarrett Parker,0,0,0.138,0.194,12,78,23.2
642607,Dario Agrazal,0.091,0.143,0.076,0.107,22,76.9,-13.9
656546,Jeff Hoffman,0.238,0.417,0.208,0.195,21,70.4,-13
607200,Erick Fedde,0.133,0.222,0.117,0.158,15,67.5,-7.2
595191,Jerad Eickhoff,0,0,0.046,0.106,14,71.7,-18.7
606992,Eric Haase,0.063,0,0.158,0.226,16,85.8,11.8
608339,Zach Green,0.143,0.25,0.218,0.229,14,87,8.2
518542,Juan Centeno,0.133,0.154,0.214,0.278,15,83.8,18.9
628711,Julio Urias,0.25,0.375,0.255,0.163,12,65.9,-6
519141,Drew Pomeranz,0,0,0,0.048,19,69.1,-1.1
656582,Connor Joe,0.067,0.1,0.098,0.211,15,77.5,5.5
620443,Luis Torrens,0.214,0.375,0.273,0.302,14,77.8,18.2
453064,Troy Tulowitzki,0.182,0.167,0.354,0.295,11,79.4,16.6
502706,Derek Holland,0.071,0.25,0.104,0.067,14,55.6,13
476451,Jeremy Hellickson,0.111,0.2,0.205,0.185,9,71.4,-0.3
492802,Juan Graterol,0.222,0.286,0.194,0.23,18,79.2,8.5
502570,Rocky Gale,0.133,0.25,0.117,0.151,15,80.4,24.9
605548,Bradley Zimmer,0,0,0.049,0.162,13,80.9,7.4
664874,Seby Zavala,0.083,0.333,0.073,0.101,12,75.8,26.5
571467,Steven Baron,0.2,0.5,0.211,0.125,10,81.4,4.4
642547,Freddy Peralta,0.133,0.222,0.117,0.111,15,70.8,-8.1
643524,Frank Schwindel,0.067,0.077,0.058,0.17,15,82,17.5
591720,Ronald Torreyes,0.188,0.231,0.197,0.15,16,79.1,16.8
623168,Tyler Heineman,0.273,0.333,0.373,0.231,11,75,25.1
664062,Tony Gonsolin,0.308,0.444,0.269,0.237,13,81,5.2
594965,Daniel Ponce de Leon,0,0,0.069,0.101,9,62.4,-16
669738,Jake Noll,0.167,0.25,0.214,0.189,12,74.4,6.6
669160,Dustin May,0.091,0.143,0.08,0.071,11,77.6,-0.1
621438,Tyrone Taylor,0.4,0.444,0.469,0.31,10,74.7,-8.3
600466,Raudy Read,0.091,0.167,0.08,0.142,11,74.4,13.3
657053,Touki Toussaint,0,0,0,0.141,9,71.5,24.8
621450,Skye Bolt,0.1,0.143,0.175,0.318,10,81.4,20
656713,Brendan McKay,0.2,0.143,0.323,0.379,10,85.6,-8.1
656605,Mitch Keller,0,0,0,0.068,10,74.8,-17.8
622072,Alex Wood,0.222,0.5,0.194,0.167,9,63.3,-14.7
656577,Alex Jackson,0,0,0.051,0.153,13,77.6,27.1
657277,Logan Webb,0.111,0.143,0.157,0.223,9,71.1,-2.7
476704,Jed Lowrie,0,0,0.086,0.16,7,82,13.7
656725,Alex McRae,0.333,0.667,0.291,0.193,6,75.9,-6.3
592791,Jameson Taillon,0.25,0.4,0.219,0.142,8,68.8,-17.2
605439,Michael Reed,0,0,0,0.016,8,71.1,47.5
501985,Mike Minor,0,0,0,0.102,9,78,1.7
669060,Bryse Wilson,0.222,0.667,0.194,0.087,9,81.8,17.9
608344,Cole Irvin,0.167,0.25,0.282,0.246,6,79.7,17.2
621219,Alec Mills,0.083,0.167,0.073,0.075,12,79.6,1.8
641924,Jacob Nottingham,0.333,0.333,0.513,0.246,6,84.3,31.5
542881,Tyler Anderson,0.143,0.333,0.125,0.151,7,55.8,4.3
593334,Domingo German,0,0,0,0.017,8,52.8,17.9
656794,Sean Newcomb,0,0,0,0.008,8,79.4,27.9
641541,Jon Duplantier,0.125,0.333,0.109,0.055,8,83,-26.1
592468,Nick Kingham,0,0,0.173,0.183,6,75.3,-8.2
667498,Robert Dugger,0,0,0,0.104,11,85.3,12.3
543532,Tim Melville,0.25,0.4,0.219,0.159,8,71.5,-11.9
641745,Brad Keller,0.125,0.333,0.174,0.179,8,71.9,-4.1
605513,Spencer Turnbull,0,0,0,0,8,74.9,26.8
608371,Lucas Sims,0.125,0.333,0.109,0.041,8,80.7,-3.4
593958,Eduardo Rodriguez,0,0,0,0.059,7,70.6,-36.7
623214,Abiatal Avelino,0.286,0.5,0.305,0.222,7,82.9,-3.4
514913,Ruben Tejada,0,0,0,0.084,9,77.1,17
621141,Walker Lockett,0.167,0.5,0.224,0.265,6,84.1,19.5
669203,Corbin Burnes,0.286,0.4,0.25,0.23,7,80.1,-5.6
572020,James Paxton,0,null,0,0,5,51.9,-28
400085,Ichiro Suzuki,0,0,0.115,0.124,5,79.5,23.5
518452,Chad Bettis,0,0,0.197,0.22,5,63.7,-10.5
620453,Deivy Grullon,0.111,0.143,0.137,0.183,9,93.7,22.9
596057,Daniel Norris,0.167,0.333,0.146,0.175,6,88.5,7.8
542882,Matt Andriese,0,0,0,0.057,6,79.5,-32.8
518568,Christian Colon,0.5,0.5,0.507,0.257,6,81.6,-8.5
606131,Luis Perdomo,0.143,0.2,0.125,0.125,7,82.3,3.6
608723,Austin Voth,0.111,0.167,0.097,0.192,9,71.5,12.2
543037,Gerrit Cole,0,0,0,0.011,7,75.1,-11.1
622786,Jesus Tinoco,0.2,1,0.175,0.045,5,77.5,1.6
624641,Edmundo Sosa,0.25,0.333,0.316,0.377,8,80.3,2.8
664353,Jose Urquidy,0,0,0,0.052,4,74.5,12.1
630111,Yasmany Tomas,0,0,0,0.063,5,78.9,31.6
519008,T.J. McFarland,0,null,0,0,3,63.3,-31.7
571863,Matt Koch,0,0,0,0.011,6,86,28.3
489119,Wade Miley,0,0,0.138,0.175,4,78.7,-5.9
592685,Drew Robinson,0.143,0.25,0.125,0.11,7,72.8,36.6
474463,Brett Anderson,0.5,0.667,0.438,0.264,8,79.1,-9.6
594835,Marco Gonzales,0.2,1,0.247,0.177,5,67.5,7.2
624419,Nick Ciuffo,0.167,0.333,0.146,0.148,6,71.4,27.6
467100,Ivan Nova,0,0,0,0.115,5,64,22.2
621244,Jose Berrios,0,null,0.138,0.138,4,74,0
669456,Shane Bieber,0,0,0,0.032,5,70.9,-5.5
612672,Wei-Yin Chen,0,0,0,0.054,5,63.3,35.3
657566,Montana DuRapau,0.25,0.5,0.219,0.068,4,79.7,-7.4
519144,Rick Porcello,0,0,0,0.023,6,74.7,-4.1
518633,Danny Duffy,0.25,0.5,0.219,0.063,4,71,-27.1
458708,Josh Tomlin,0,0,0,0.112,6,80.4,29.5
657140,Kyle Wright,0,0,0,0.031,6,56.1,-21
543557,Mike Montgomery,0.167,0.333,0.146,0.148,6,80.3,39.9
451192,Jim Adduci,0,0,0,0.083,5,77.8,-7.4
621086,James Marvel,0,0,0,0.075,4,76.3,10.8
624133,Ranger Suarez,0.25,0.5,0.219,0.034,4,68.6,-19.5
608717,Chris Stratton,0,0,0,0.026,4,79.8,9.6
605280,Clay Holmes,0,0,0,0.013,5,82.9,-20.7
664059,Sam Haggerty,0,0,0,0.006,4,72.7,28.3
623515,Drew Jackson,0,0,0.173,0.213,3,75.4,-30.7
571918,Deven Marrero,0,0,0,0.19,5,80.1,-26
446868,Wilkin Castillo,0.143,0.25,0.176,0.071,7,89.5,33.7
456501,Johnny Cueto,0,0,0,0.003,4,72.9,13.9
502043,Kyle Gibson,0,null,0.345,0.345,1,41,-39
429719,Edwin Jackson,0,0,0,0.164,3,76.2,22.3
650893,Genesis Cabrera,0,null,0,0,4,71.4,-16
605135,Chris Bassitt,0,0,0,0.186,4,67.8,-3.2
640470,Adbert Alzolay,0,0,0,0.092,5,83.6,-6.4
625643,Reynaldo Lopez,0,0,0,0.003,4,79.5,0
622075,Yency Almonte,0,0,0,0.13,5,83.4,25
608337,Lucas Giolito,0.25,1,0.219,0.195,4,89.2,16
671790,Ronald Bolanos,0,0,0,0.076,5,90.6,2.5
605156,Aaron Brooks,0,0,0,0.077,3,61.6,7.3
434538,Francisco Liriano,1,1,0.783,0.43,1,72.1,-15.7
663531,Logan Allen,0.25,0.25,0.319,0.289,4,78.9,11.8
572140,Tyler Skaggs,0,0,0.23,0.252,2,84.8,-7.4
456051,Hector Noesi,0.25,1,0.219,0.064,4,69.5,-7.9
607231,John Gant,0,0,0,0.031,3,72,49
542960,Brad Brach,0.25,0.333,0.219,0.409,4,75.9,-17.3
448281,Sean Doolittle,0,0,0,0.018,3,81.8,-23.3
664208,Phil Maton,0.25,0.5,0.219,0.149,4,74.9,-7.6
433587,Felix Hernandez,0,0,0,0.046,3,72.3,-0.2
571946,Shelby Miller,0,null,0.46,0.46,1,86.3,55.3
658792,Aaron Wilkerson,0.333,0,0.664,0.262,3,83.1,16.8
664854,Ryan Helsley,0.333,1,0.292,0.019,3,75.1,-29.1
282332,CC Sabathia,0,0,0,0.164,3,83.5,-1.1
643275,Johnny Davis,0.25,0.5,0.39,0.23,4,88.1,15.8
621097,Jacob Waguespack,0,null,0.23,0.23,2,70.1,34.6
594986,Kyle Ryan,0,0,0.23,0.418,2,78,30.8
501381,Michael Pineda,0,0,0,0.11,4,77.3,-1.9
456701,Homer Bailey,0.4,0.5,0.35,0.32,5,76,-9.7
656222,Jalen Beeks,0,0,0,0.023,3,86.2,-34.6
519076,Jimmy Nelson,0,null,0,0,3,62.9,45.1
594840,Matt Grace,0,null,0,0,3,70.4,-14.6
607644,John Means,1,1,0.783,0.364,1,66.3,-15.5
641149,Wes Parsons,0,null,0.23,0.23,2,null,null
523260,Joe Kelly,0,null,0,0,2,67.7,-19.7
572362,Robbie Erlin,0,0,0,0.044,4,75.6,2.2
605276,David Hess,0,0,0,0.157,3,70.8,4.3
607391,Chris Mazza,0,0,0,0.048,3,74.4,38.1
450203,Charlie Morton,0,null,0,0,2,66.2,32.2
592779,Brock Stewart,0.333,0.333,0.412,0.287,3,83.7,48.1
605498,Andrew Suarez,0,0,0,0.145,3,55.1,-4.3
521655,Wilmer Font,0.333,1,0.292,0.086,3,65,-11.2
594987,Casey Sadler,0,0,0,0.122,3,84.2,10.9
606149,Giovanny Gallegos,0,0,0,0.074,2,51.9,16.5
543351,Jay Jackson,0,null,0,0,2,94.6,7.3
543606,Jake Odorizzi,0,0,0,0.516,2,72.7,7.1
543883,Nick Vincent,0,null,0,0,3,null,null
543548,Tommy Milone,0,0,0,0.062,2,86.2,14.9
570240,Felix Pena,0,0,0,0.066,2,76.3,-16.7
504379,Juan Nicasio,0,0,0,0.133,2,84.7,-8.8
543193,Drew Gagnon,0.333,0.333,0.292,0.447,3,79.6,6.7
458681,Lance Lynn,0,null,0,0,2,43.3,-19.8
457915,Javy Guerra,0,0,0,0.12,3,64.3,-22.8
502239,Trevor Cahill,0.333,0.5,0.292,0.277,3,76.8,22.9
592229,Dylan Covey,0,0,0,0.025,2,85.1,-32.9
642073,Jimmie Sherfy,0,null,0,0,2,72.1,30.5
527048,Martin Perez,0,0,0,0.045,3,51.6,19.2
543135,Nathan Eovaldi,0,0,0,0.061,2,42.6,20.9
642701,Dennis Santana,0.5,0.5,0.438,0.423,2,82.9,-5.1
657571,Caleb Ferguson,0.5,0.5,0.618,0.154,2,75.7,-34.6
446321,Ross Detwiler,0,0,0,0.098,2,98,-13.7
543001,Ryan Carpenter,0,0,0,0.015,2,81,-26
605164,Dylan Bundy,0,null,0,0,2,null,null
448855,Junior Guerra,0.333,1,0.292,0.035,3,75,6.1
605520,Mitch Walding,0,null,0,0,2,null,null
621261,Corey Oswalt,0,0,0,0.041,1,71.7,23.8
607219,Sal Romano,0,0,0,0.076,2,62.5,-53.8
519455,Jordan Zimmermann,0,null,0,0,2,48.8,54.3
571917,Parker Markel,0,0,0,0.055,3,77,-44.8
663776,Patrick Sandoval,0,null,0,0,2,null,null
613534,Austin Adams,0,null,0,0,1,null,null
596043,Daniel Mengden,0,null,0,0,2,null,null
518553,Steve Cishek,0,0,0,0.125,2,69.8,9.6
643354,Donnie Hart,0,0,0,0.021,2,88.1,-36
669214,Conner Menez,0,0,0,0.053,3,79.5,11.7
489334,Craig Stammen,0,null,0,0,1,76.3,16.7
650644,Aaron Civale,0,0,0,0.099,2,76.3,-63.2
656977,Chad Sobotka,0,null,0,0,2,null,null
657024,Erik Swanson,0,0,0,0.068,2,41,-39
621529,Joe Hudson,0,null,0,0,1,67.8,19.8
608718,Brent Suter,0,0,0,0.089,2,71.6,27.2
605182,Mike Clevinger,0,0,0,0.033,2,77.8,2.6
628452,Raisel Iglesias,0,0,0,0.04,2,69.3,-28
607192,Tyler Glasnow,0,0,0,0.152,2,35.2,-23.9
623364,Brad Wieck,0,0,0,0.022,2,69.2,-34.6
592644,Adam Plutko,0,0,0,0.063,2,95,-20.3
592102,Cody Allen,0,null,0,0,1,null,null
663423,Trent Thornton,0.667,0.667,0.583,0.482,3,88.5,4
605347,Jorge Lopez,0,0,0,0.587,1,55.4,-13.4
592716,Adrian Sampson,0,0,0,0.09,2,50.4,-71.8
650813,Luis Escobar,0,0,0,0.085,2,97.5,-16.1
572070,Garrett Richards,0,0,0,0.033,2,62,-29.8
593423,Frankie Montas,0,0,0.345,0.403,1,81.4,5
453281,Wade LeBlanc,null,null,0.69,0.69,0,41,-39
457918,J.A. Happ,0,0,0,0.022,3,66.2,-29.7
650671,Jose Quijada,0,null,0,0,1,72.2,22.7
607572,Sam Howard,0,null,0,0,1,73.8,49.9
656887,Sean Reid-Foley,0,null,0,0,1,95.6,26.2
606273,Roenis Elias,0,0,0,0.045,1,73.9,-37.8
607229,Robert Gsellman,null,null,0.69,0.69,0,null,null
592717,Aaron Sanchez,0,0,0,0.286,2,86,-6.6
664196,Tanner Anderson,0,null,0,0,1,82.6,11.2
592741,Chasen Shreve,null,null,0.69,0.69,0,null,null
643338,Chad Green,0,null,0,0,1,null,null
445926,Jesse Chavez,0.5,1,0.438,0.362,2,80.1,13.8
643615,T.J. Zeuch,0,null,0,0,1,null,null
664045,Tom Eshelman,0,0,0,0.002,2,82.9,76.9
571670,Dylan Floro,0,0,0,0.033,2,82.9,-20.7
621389,Ty Blach,0,null,0,0,1,null,null
445276,Kenley Jansen,0,null,0,0,1,null,null
642098,Glenn Sparkman,0,0,0,0.201,2,93,-8.5
592879,Asher Wojciechowski,0,null,0,0,1,null,null
623352,Josh Hader,0,0,0,0.033,2,71.4,-39.9
519293,Will Smith,1,1,0.875,0.778,1,65.2,4.5
663465,Kolby Allard,0,0,0,0.059,2,77.1,53.9
594311,Jandel Gustave,0,null,0,0,1,null,null
593576,Hector Neris,0,null,0,0,1,null,null
488768,Andrew Cashner,0,0,0,0.093,3,71.6,-36.9
571510,Matthew Boyd,0.5,1,0.438,0.227,2,89.3,-5.6
554340,Yimi Garcia,0,0,0,0.033,2,82.9,-20.7
622492,Keury Mella,0,null,0,0,1,null,null
630023,Yonny Chirinos,0,null,0,0,2,62.8,48.1
656954,Justus Sheffield,0,null,0,0,2,null,null
592865,Taylor Williams,0,null,0,0,1,73.6,-17.3
643493,Austin Pruitt,0,null,0,0,1,null,null
598271,Brian Johnson,0,null,0,0,1,null,null
642545,Jaime Barria,0,0,0,0.005,2,77,-32.8
434378,Justin Verlander,0,0,0,0.026,2,70.9,18.1
658648,Pedro Avila,0,0,0,0.2,1,55.1,-48.6
593833,Wander Suero,0,null,0,0,1,null,null
547888,Masahiro Tanaka,0,0,0,0.135,1,85.5,-51.2
579328,Yusei Kikuchi,0,null,0,0,1,37,-44.3
642397,Gregory Soto,1,1,0.875,0.587,2,92.4,13.5
670456,JD Hammer,0,0,0,0.114,1,51.4,3.7
641851,Kyle McGowin,0.333,0.333,0.292,0.282,3,95.8,11
656288,Griffin Canning,0,0,0,0.038,2,66,19.8
608334,Carson Fulmer,0,0,0,0.335,1,102.8,-2.3
570666,Luis Cessa,0,null,0,0,1,null,null
607625,Seth Lugo,1,1,0.875,0.598,1,72.7,20.1
598286,Nick Ramirez,0,null,0,0,1,72.3,48.1
660761,Jose Suarez,0,0,0,0.027,2,83.1,-46.8
595798,R.J. Alaniz,1,1,0.875,0.831,1,82.2,20.6
668683,Jeremy Walker,0,0,0,0.056,1,71.3,-12
668663,Tres Barrera,0,0,0,0.095,2,65.7,36.6
660853,Enyel De Los Santos,0,null,0,0,1,null,null
623167,Chris Flexen,0.5,0.5,0.438,0.381,2,81.3,-3.5
621249,Duane Underwood Jr.,0,null,0,0,1,null,null
670970,Adrian Morejon,0,null,0,0,1,89.6,15.2
543045,Adam Conley,0,0,0,0.126,1,78.5,10.6
622797,Pedro Payano,0,null,0,0,1,null,null
571595,Noel Cuevas,0,0,0,0.1,2,74.7,-35.1
622226,Dylan Cozens,0,0,0,0.067,1,73.9,-7.5
600968,Randy Rosario,0,0,0,0.073,1,92.6,-27.3
641755,Tyler Kinley,0,null,0,0,1,null,null
544928,Tyler Lyons,0,0,0,0.03,1,72.3,8.5
663432,Tanner Rainey,0,null,0,0,1,null,null
623454,Drew Anderson,0,null,0,0,1,null,null
453284,Blake Parker,0,null,0,0,1,null,null
623184,Scott Oberg,0,null,0,0,1,null,null
453172,Jared Hughes,0,0,0,0,2,80,69
656257,Jeff Brigham,0,null,0,0,1,null,null
605151,Archie Bradley,0,null,0,0,1,78.1,16.5
433589,Yusmeiro Petit,0,0,0,0.231,1,82.8,1.7
608638,JT Chargois,0,null,0,0,1,null,null
584171,Hector Velazquez,0,null,0,0,1,null,null
650895,Diego Castillo,0,null,0,0,1,null,null
642003,Cody Reed,0,null,0,0,1,null,null
606162,Yefry Ramirez,0,0,0,0.172,2,98.6,26.8
456034,David Price,0.5,1,0.438,0.114,2,77.9,16.5
519393,Marcus Walden,0,null,0,0,1,null,null
593372,Carlos Martinez,0,null,0,0,1,null,null
543118,Oliver Drake,1,1,0.875,0.317,1,77.5,3.6
622103,Gerardo Reyes,0,null,0,0,1,null,null
594577,Mike Mayers,0,null,0,0,1,58.5,32.7
642558,Ariel Jurado,0,null,0,0,1,74.3,30.2
502026,Jeremy Jeffress,0,null,0,0,1,69.3,42.2
642207,Devin Williams,0,null,0,0,1,null,null
622766,Miguel Diaz,0,null,0,0,1,null,null
657097,Jacob Webb,0,null,0,0,1,null,null
643290,Justin Dunn,0,null,0,0,1,72.4,48
446372,Corey Kluber,0,null,0,0,1,null,null
641941,Emilio Pagan,0,null,0,0,1,null,null
572143,Burch Smith,0,null,0,0,1,null,null
606424,Jarlin Garcia,0,null,0,0,1,null,null
672773,Elvis Luciano,0,null,0,0,1,80.1,12
622772,Jimmy Cordero,null,null,null,null,0,48.1,-31.9
598264,Matt Barnes,0,null,0,0,1,null,null
622554,Seranthony Dominguez,0,null,0,0,1,null,null
571539,Matt Carasiti,0,0,0,0.135,1,41,-39
596001,Jakob Junis,0,0,0,0.117,2,77.5,-16.5
670329,Rico Garcia,0,null,0,0,1,null,null
606959,Rookie Davis,0,0,0,0.084,1,83.8,-49.4
596112,Robert Stephenson,0,null,0,0,1,63.5,-13.4
542963,Rob Brantly,0,null,0,0,1,null,null
641438,Shane Carle,0,null,0,0,1,null,null
595465,Dan Winkler,null,null,null,null,0,44.6,1.7
623149,Paul Sewald,0,0,0,0.301,1,66.2,13.5
668676,Zach Plesac,null,null,null,null,0,41,-39
641627,Trevor Gott,0,0,0,0.576,1,90,18.3
621199,Matt Bowman,0,0,0,0.321,1,102.1,-3.1
669270,Joel Kuhnel,0,0,0,0.063,1,74.8,-13.6
553878,Felipe Vazquez,0,0,0,0.111,2,84.9,-25.4
605538,Matt Wisler,0,0,0,0.169,1,100.7,-15.5
592612,Josh Osich,null,null,null,null,0,41,-39
605154,John Brebbia,1,1,0.875,0.845,1,70.5,22.6
656803,James Norwood,0,0,0,0.313,1,80.4,8.1